Date,binancecoin,ftx-token,okb,huobi-token,gatechain-token,kucoin-shares
2020/1/1 0:00,13.71639052,2.144685047,2.617367817,2.745711886,0.350637632,0.908827678
2020/1/2 0:00,13.68590249,2.143000128,2.620820845,2.816848308,0.353788129,0.909896849
2020/1/3 0:00,13.00717054,2.142017786,2.549812911,2.754515743,0.343728368,0.86122367
2020/1/4 0:00,13.60327558,2.200569589,2.63940751,2.831306509,0.353166151,0.927160611
2020/1/5 0:00,13.79457523,2.168426794,2.644457245,2.89372055,0.354279559,0.994478456
2020/1/6 0:00,14.00636071,2.136903485,2.656090202,2.915524763,0.386060522,1.036383093
2020/1/7 0:00,14.90050444,2.183068397,2.789419797,3.03258173,0.385683944,1.085339198
2020/1/8 0:00,14.96951629,2.163354575,2.879993642,3.130707984,0.393151795,1.079368807
2020/1/9 0:00,14.49911394,2.177220418,2.787409557,3.052612513,0.381572214,1.045747766
2020/1/10 0:00,14.40240029,2.159654686,2.827340997,3.045367668,0.384408687,1.030686545
2020/1/11 0:00,15.07265126,2.230541661,2.894824993,3.110997636,0.389673042,1.02399056
2020/1/12 0:00,14.89765484,2.140005499,2.889002793,3.147471571,0.408822491,1.032161331
2020/1/13 0:00,15.30362181,2.180839725,2.897371473,3.080864732,0.414147996,1.027111593
2020/1/14 0:00,15.16279627,2.151348764,2.881254059,3.034070226,0.402270781,1.013209881
2020/1/15 0:00,16.65121704,2.181515598,3.046479251,3.22682569,0.433171982,1.077055957
2020/1/16 0:00,17.65995959,2.360040405,3.16374407,3.278876879,0.440573783,1.073792275
2020/1/17 0:00,17.01346228,2.393891056,3.080126447,3.237747044,0.411345505,1.095198919
2020/1/18 0:00,18.06731694,2.380915415,3.059748175,3.269779758,0.430035941,1.087258243
2020/1/19 0:00,17.77956566,2.37574307,2.931662422,3.211668702,0.416186685,1.072968103
2020/1/20 0:00,17.3546721,2.279565511,2.952032123,3.142909599,0.403592152,1.034589009
2020/1/21 0:00,17.33176895,2.262775646,2.928103182,3.168844648,0.411322153,1.037915661
2020/1/22 0:00,18.10566377,2.346906809,2.940946753,3.251311994,0.421213977,1.029220115
2020/1/23 0:00,17.78528737,2.318500495,2.921701641,3.239199679,0.428822311,1.038716537
2020/1/24 0:00,16.98120135,2.223789859,2.775406675,3.140343371,0.413437033,1.022522764
2020/1/25 0:00,17.02580292,2.262195473,2.86787855,3.110431516,0.415966953,1.040216982
2020/1/26 0:00,16.94388901,2.219969581,2.800743828,3.079378157,0.416395415,1.024597508
2020/1/27 0:00,17.43695281,2.283983359,2.859706888,3.140484957,0.424184252,1.037993254
2020/1/28 0:00,17.63534383,2.366317059,2.935537289,3.184474187,0.429060896,1.064515858
2020/1/29 0:00,18.05671871,2.436677674,3.036039679,3.247263532,0.440107846,1.105710116
2020/1/30 0:00,17.84868978,2.345820764,3.125290037,3.372952991,0.440040958,1.138954739
2020/1/31 0:00,18.57446821,2.405071044,3.210755689,3.497268226,0.444301829,1.161886906
2020/2/1 0:00,18.10259189,2.364236633,3.167895029,3.422270677,0.435791694,1.14776235
2020/2/2 0:00,18.14697994,2.341227516,3.245971102,3.460437192,0.436102801,1.152052115
2020/2/3 0:00,18.42978587,2.318280346,3.245389112,3.468171548,0.437857831,1.147574859
2020/2/4 0:00,18.46972778,2.299175486,3.277097361,3.45089369,0.434204852,1.144827149
2020/2/5 0:00,18.12227006,2.245273908,3.276300495,3.421661146,0.433358111,1.120613486
2020/2/6 0:00,19.18498174,2.338016911,3.491916182,3.571487351,0.459610164,1.149829579
2020/2/7 0:00,20.60635932,2.401311703,3.747096226,3.722184682,0.531137439,1.173176653
2020/2/8 0:00,22.12459724,2.381811223,3.837169817,3.906724154,0.562232133,1.172181714
2020/2/9 0:00,21.79557767,2.38630318,3.863595883,3.821547052,0.55489621,1.183725901
2020/2/10 0:00,23.91937491,2.404970098,3.952285059,3.950043828,0.570807705,1.241152328
2020/2/11 0:00,25.25283145,2.497150254,5.527855254,4.708651408,0.669146726,1.278029779
2020/2/12 0:00,25.67332748,2.556813965,5.558884192,4.651496929,0.650298279,1.310246972
2020/2/13 0:00,26.42048901,2.5816606,5.910529385,4.883568954,0.67338086,1.318758961
2020/2/14 0:00,25.40353101,2.513594673,5.894889685,4.75999774,0.632594749,1.270649791
2020/2/15 0:00,26.23761464,2.562326264,6.431446674,5.036386883,0.656765846,1.294314918
2020/2/16 0:00,24.06623247,2.514973633,6.569165995,4.856747404,0.60657176,1.255657558
2020/2/17 0:00,23.64223437,2.963030141,6.76248992,5.067632455,0.642355895,1.267048229
2020/2/18 0:00,23.57106009,2.733676816,6.596622006,4.76835058,0.630023803,1.24650115
2020/2/19 0:00,24.02472172,2.844141618,6.746721406,4.968547111,0.648544629,1.305040148
2020/2/20 0:00,22.25110406,2.657672458,6.767403157,4.770758281,0.629786718,1.231667973
2020/2/21 0:00,22.1400916,2.627257922,6.597134403,4.751545601,0.622727682,1.248174229
2020/2/22 0:00,22.12011684,2.687111526,6.642553616,4.767405691,0.617700666,1.257994811
2020/2/23 0:00,21.93521265,2.672162873,5.791559164,4.51401189,0.60114333,1.248394977
2020/2/24 0:00,22.87150377,2.75368549,6.560887939,4.775981419,0.614017012,1.267717629
2020/2/25 0:00,22.03412707,2.634306118,6.124527595,4.668139166,0.609763579,1.257212358
2020/2/26 0:00,20.38515618,2.470148032,5.666222898,4.259532275,0.562818182,1.224041078
2020/2/27 0:00,18.71084905,2.285041156,5.416182024,4.09264162,0.517041506,1.178789104
2020/2/28 0:00,19.12124747,2.435778076,5.530582266,4.226491141,0.535141102,1.193912064
2020/2/29 0:00,18.96783851,2.624780812,5.651368835,4.699105039,0.528475308,1.194601042
2020/3/1 0:00,19.31627435,2.580191849,5.8226893,4.829584901,0.563329622,1.180126312
2020/3/2 0:00,18.99084847,2.561798739,5.46883729,4.58008704,0.562523669,1.189383804
2020/3/3 0:00,19.86962387,2.688856533,5.766543328,4.762790083,0.621143525,1.234728098
2020/3/4 0:00,19.59198541,2.647186625,5.464277879,4.612437385,0.592701026,1.254472887
2020/3/5 0:00,19.99801653,2.643406117,5.447769285,4.642679974,0.582575231,1.248325997
2020/3/6 0:00,20.81956237,2.727501934,5.455796933,4.730630211,0.591250599,1.304405297
2020/3/7 0:00,21.3200619,2.799358198,5.506271048,4.753396116,0.593331437,1.435325866
2020/3/8 0:00,20.0346305,2.684763372,5.327396145,4.648663433,0.580368238,1.423751083
2020/3/9 0:00,16.87686615,2.43476033,4.682325103,4.181078227,0.50844612,1.358656017
2020/3/10 0:00,16.58353401,2.413016765,4.583942219,4.086091326,0.503816909,1.337894999
2020/3/11 0:00,16.88554253,2.450528465,4.544012991,4.039115495,0.512615786,1.363407952
2020/3/12 0:00,16.56793677,2.398072214,4.483026179,3.99920256,0.502795131,1.322391537
2020/3/13 0:00,9.472898274,2.072707265,2.62308159,2.388222921,0.317413481,1.032852079
2020/3/14 0:00,10.89497092,2.055567975,3.196264128,2.897032405,0.337281151,1.092081414
2020/3/15 0:00,10.13127817,2.023760384,3.13230385,2.818643459,0.344593507,0.953840828
2020/3/16 0:00,10.38557708,2.105177478,3.707157214,3.056597045,0.362833047,0.931748639
2020/3/17 0:00,9.4006708,2.024680817,3.423717059,2.865480322,0.339390891,0.865458748
2020/3/18 0:00,10.3342805,2.134733327,3.613224187,2.976340866,0.354539047,1.015599227
2020/3/19 0:00,10.37360276,2.117488986,3.610704526,2.999118725,0.350692738,1.055487853
2020/3/20 0:00,12.25320977,2.428516799,4.164827297,3.296652157,0.380254347,1.202307112
2020/3/21 0:00,11.85072095,2.361151553,4.402878442,3.276320823,0.381412777,1.202490102
2020/3/22 0:00,11.99980747,2.373632832,4.359084687,3.370741348,0.389618419,1.163810318
2020/3/23 0:00,11.17898171,2.232943953,4.004063653,3.1500726,0.370235845,1.124845407
2020/3/24 0:00,12.10417697,2.451167125,4.291446266,3.365658013,0.393211884,1.167039623
2020/3/25 0:00,12.45297309,2.50215542,4.370745411,3.424052,0.406046605,1.169289859
2020/3/26 0:00,12.34602394,2.46912031,4.304404484,3.386069581,0.398414744,1.099301591
2020/3/27 0:00,13.21323912,2.518607936,4.320618521,3.414476212,0.404470005,1.086697961
2020/3/28 0:00,12.35710327,2.3531597,4.161081179,3.253563739,0.383103094,1.005964989
2020/3/29 0:00,12.21798551,2.316793706,4.16501384,3.259765693,0.385534022,0.931738916
2020/3/30 0:00,11.33580088,2.193126724,3.908292345,3.091517514,0.377272714,0.864235136
2020/3/31 0:00,12.18632618,2.400415603,4.159624001,3.282145674,0.394330256,0.945531859
2020/4/1 0:00,12.59992173,2.407817172,4.311229508,3.311850392,0.400451375,0.932394002
2020/4/2 0:00,12.72926799,2.449481946,4.387606001,3.381318018,0.404617613,0.943608636
2020/4/3 0:00,13.08091335,2.496127764,4.495914779,3.435573338,0.417627395,0.9604257
2020/4/4 0:00,13.32378684,2.481252567,4.510269593,3.528221518,0.428502379,0.935414545
2020/4/5 0:00,13.78045918,2.538444081,4.704895738,3.707968538,0.431417649,0.951915763
2020/4/6 0:00,13.70949255,2.518714751,4.673907868,3.711856226,0.426314644,0.950963524
2020/4/7 0:00,15.13632387,2.765257076,4.812543272,3.947449951,0.45313697,0.974384246
2020/4/8 0:00,14.6599825,2.665167627,4.889065909,3.896995216,0.451875802,1.011978467
2020/4/9 0:00,15.07540138,2.740665204,4.935622349,3.956832595,0.457810669,1.010162284
2020/4/10 0:00,15.02875919,2.722033884,4.883643171,3.903451497,0.463186798,0.992143342
2020/4/11 0:00,13.71882591,2.522403071,4.554758283,3.657928719,0.424351539,0.9306989
2020/4/12 0:00,13.82675862,2.536931605,4.54535161,3.692039773,0.426771426,0.924310562
2020/4/13 0:00,14.26511655,2.557361254,4.563638027,3.726952752,0.428358163,0.937668905
2020/4/14 0:00,15.04557286,2.579204338,4.600943544,3.719769881,0.422902307,0.920097126
2020/4/15 0:00,15.5827208,2.616997814,4.630485535,3.729950492,0.425796129,0.924258315
2020/4/16 0:00,14.58594862,2.50507619,4.46453944,3.653325485,0.415007915,0.904303833
2020/4/17 0:00,15.66673786,2.705086214,4.777222027,3.823755059,0.435325849,0.938240127
2020/4/18 0:00,15.6162811,2.696450121,4.659602683,3.80480613,0.429683514,0.928061528
2020/4/19 0:00,16.55295504,2.795088929,4.80154633,3.939678198,0.437790063,0.951235666
2020/4/20 0:00,16.04655016,2.741328773,4.719045281,3.847972345,0.434755419,0.935144188
2020/4/21 0:00,15.02780434,2.591428811,4.487184407,3.720946947,0.414184064,0.902716367
2020/4/22 0:00,15.09650786,2.58311345,4.463429918,3.684620862,0.412433591,0.899646789
2020/4/23 0:00,15.68673879,2.711076948,4.713156028,3.809151142,0.425262499,0.927752895
2020/4/24 0:00,15.97013671,2.758929434,4.850447765,3.878322651,0.426887947,0.934673871
2020/4/25 0:00,15.89482742,2.78671152,4.895990291,3.972821237,0.432371918,0.948202057
2020/4/26 0:00,16.23724614,2.828602298,4.872261169,3.967499293,0.441886418,0.951695397
2020/4/27 0:00,16.37395252,2.856176818,4.908790893,4.037401478,0.446603408,0.959023569
2020/4/28 0:00,16.41271866,2.886325242,4.893917963,4.062348049,0.455487213,0.954909238
2020/4/29 0:00,16.36205781,2.88225153,4.891558981,4.047177189,0.4529628,0.949340642
2020/4/30 0:00,17.3937214,3.138229945,5.27873705,4.282969356,0.468174357,0.998920341
2020/5/1 0:00,16.98087375,3.085505464,5.311409819,4.188010609,0.460372547,0.948743979
2020/5/2 0:00,17.45178287,3.177906252,5.412024931,4.220308303,0.466792052,0.953791625
2020/5/3 0:00,17.51966126,3.199984913,5.539981803,4.264826936,0.465373766,0.942600711
2020/5/4 0:00,17.09493835,3.155233898,5.344319037,4.187158099,0.454310035,0.941843466
2020/5/5 0:00,17.01924644,3.13067944,5.253632003,4.210202624,0.4457222,0.925102182
2020/5/6 0:00,16.88323324,3.161608699,5.203932882,4.163867698,0.446238765,0.928119355
2020/5/7 0:00,16.51209314,3.01974287,5.127783836,4.104867854,0.453025783,0.914042226
2020/5/8 0:00,16.97350797,3.181199999,5.415753496,4.225297873,0.456047637,0.939154924
2020/5/9 0:00,17.17429639,3.125520526,5.389206052,4.196390416,0.460548744,0.931784554
2020/5/10 0:00,16.83105799,2.977427461,5.3117461,3.958391919,0.44958889,0.931791878
2020/5/11 0:00,15.31910412,2.749469185,4.85976545,3.848010786,0.439090563,0.881145783
2020/5/12 0:00,15.07906074,2.721934419,4.887658705,3.772532928,0.452344561,0.835183014
2020/5/13 0:00,15.73790761,2.823137533,4.962066889,3.877388904,0.463668093,0.999715724
2020/5/14 0:00,16.17874465,2.932939262,5.126894795,3.947665387,0.463397154,0.952010934
2020/5/15 0:00,16.35433834,2.992520608,5.33678753,4.085581288,0.480480475,0.947903043
2020/5/16 0:00,15.66553993,2.867711614,5.133538348,4.003769227,0.4650603,0.931876659
2020/5/17 0:00,15.99885403,2.915704946,5.220796155,4.043096253,0.45557557,0.920737031
2020/5/18 0:00,16.2809232,3.008799128,5.298558041,4.106658221,0.473926279,0.947873605
2020/5/19 0:00,16.60987225,3.011572381,5.214560195,4.104268852,0.470796358,0.944368577
2020/5/20 0:00,17.16757332,3.044580877,5.200523198,4.136026573,0.479977871,0.965497457
2020/5/21 0:00,16.88145435,2.946097251,5.251595661,4.08416715,0.479148531,0.964800612
2020/5/22 0:00,16.06690957,2.779448721,4.980794839,3.945259219,0.457200579,0.933534549
2020/5/23 0:00,16.42513379,2.840941198,5.056747065,3.965148238,0.465273706,0.963899636
2020/5/24 0:00,16.47626663,2.8390548,5.03714023,3.938673177,0.464400627,0.972990937
2020/5/25 0:00,15.99211146,2.709957457,4.863493288,3.823905491,0.441942306,0.945881983
2020/5/26 0:00,16.34363896,2.78529253,5.008962616,3.89012333,0.457448437,0.989510408
2020/5/27 0:00,16.22291608,2.816080506,4.960773395,3.885629063,0.458753705,0.982497102
2020/5/28 0:00,16.45306049,2.861487636,4.999220407,3.928716469,0.469203796,0.987623489
2020/5/29 0:00,17.0369407,2.963593694,5.220586534,4.041601543,0.477810037,0.971349473
2020/5/30 0:00,16.99585209,2.91750659,5.236293646,4.05113897,0.473025483,0.982859948
2020/5/31 0:00,17.74005658,3.039974386,5.367774149,4.140106044,0.487497797,0.981168127
2020/6/1 0:00,17.08047499,2.949511528,5.185406867,4.074550284,0.48049522,0.972097764
2020/6/2 0:00,17.86826731,3.106317779,5.360682821,4.146460063,0.49482101,0.98130033
2020/6/3 0:00,17.27814409,2.936710409,5.167801501,4.097400837,0.507553735,0.980321695
2020/6/4 0:00,17.53210204,2.98364705,5.225329742,4.07873946,0.56343642,0.977126636
2020/6/5 0:00,17.76777119,3.001971766,5.377113005,4.352492468,0.550950117,0.969647325
2020/6/6 0:00,17.64277721,2.959755063,5.335568659,4.308582299,0.542736249,0.965066492
2020/6/7 0:00,17.54423165,2.975051885,5.413917452,4.454478117,0.541666777,0.967717089
2020/6/8 0:00,17.38558548,2.977239731,5.464517181,4.426873838,0.541724134,0.970741385
2020/6/9 0:00,17.39240121,2.995387959,5.432095141,4.424022426,0.533835981,0.964468371
2020/6/10 0:00,17.35802858,2.995553292,5.420171156,4.473423421,0.532254491,0.96170709
2020/6/11 0:00,17.40027023,2.976967632,5.374088665,4.434612711,0.535605891,0.963141687
2020/6/12 0:00,16.31475985,2.812200936,5.106028792,4.179837612,0.51164204,0.91965684
2020/6/13 0:00,16.63316676,2.869328094,5.199816351,4.313690337,0.522538667,0.924603206
2020/6/14 0:00,16.807733,2.889643155,5.211017395,4.299258253,0.519725419,0.925383146
2020/6/15 0:00,16.5715721,2.838553223,5.102171713,4.205395046,0.509051088,0.91256899
2020/6/16 0:00,16.37779577,3.021530157,5.053134014,4.190668188,0.512400628,0.915426676
2020/6/17 0:00,16.41756494,3.001868127,5.113404322,4.235456506,0.512357658,0.911256742
2020/6/18 0:00,16.38942281,3.031190184,5.080653133,4.188319584,0.508390728,0.902487473
2020/6/19 0:00,16.16904727,3.006076006,5.038239559,4.150900966,0.508717781,0.88844856
2020/6/20 0:00,15.96431618,2.968649302,4.946188394,4.063189505,0.50282226,0.886030311
2020/6/21 0:00,16.0537683,2.97526561,4.830701743,4.083942853,0.496081156,0.900681605
2020/6/22 0:00,15.94815181,2.963825162,4.71934323,4.037499083,0.497727848,0.891587753
2020/6/23 0:00,16.49346287,3.061795327,5.201438256,4.265500932,0.511653228,0.902633309
2020/6/24 0:00,16.37632339,3.039070169,5.109737686,4.246347572,0.50369167,0.895866644
2020/6/25 0:00,15.99426702,2.946483629,5.095840397,4.289760383,0.498405392,0.875868402
2020/6/26 0:00,15.91379578,2.932402911,5.170448839,4.223703344,0.499470943,0.860885324
2020/6/27 0:00,15.76071352,2.910171795,5.11402503,4.208011456,0.499318293,0.860147074
2020/6/28 0:00,15.14304716,2.830203288,4.949936756,4.130194682,0.485395282,0.841806507
2020/6/29 0:00,15.36603853,2.866782818,5.0366322,4.128456892,0.48808477,0.852332291
2020/6/30 0:00,15.47591936,2.897758604,5.059285596,4.193760335,0.502855886,0.85898722
2020/7/1 0:00,15.42963681,2.888673885,5.052586306,4.148779438,0.485986648,0.87158846
2020/7/2 0:00,15.82008123,2.931554806,5.057346069,4.141006485,0.489237694,0.897006734
2020/7/3 0:00,15.35136699,2.869451337,4.941114549,4.076410482,0.489811914,0.879536096
2020/7/4 0:00,15.29261376,2.8576765,4.922216496,4.095183464,0.50434454,0.866789787
2020/7/5 0:00,15.55406578,2.886294212,4.899392977,4.122116333,0.513477971,0.879525158
2020/7/6 0:00,15.49204978,2.863192312,4.835727699,4.080182893,0.51358109,0.83303959
2020/7/7 0:00,16.31375648,2.992560533,5.129498185,4.244847997,0.534408682,0.864066851
2020/7/8 0:00,16.77301865,2.975650675,4.992397894,4.121588502,0.531311881,0.755329498
2020/7/9 0:00,17.1887804,3.064540369,5.104087568,4.217842546,0.545824898,0.854817012
2020/7/10 0:00,16.81968124,3.011277409,4.965719106,4.164432401,0.534213922,0.811251455
2020/7/11 0:00,17.21687834,3.034840322,4.995573763,4.196247377,0.528750365,0.794280623
2020/7/12 0:00,17.61455839,3.050801961,4.980699133,4.185988312,0.531196794,0.798365469
2020/7/13 0:00,18.28222142,3.113075362,5.005558174,4.221521096,0.538619748,0.81093175
2020/7/14 0:00,18.38502673,3.108360704,4.969650773,4.229850747,0.536200582,0.791633207
2020/7/15 0:00,18.09003726,3.100928442,5.060645585,4.226315115,0.527904485,0.788975018
2020/7/16 0:00,17.60299697,3.049125548,5.140602314,4.23348982,0.518933749,0.773697469
2020/7/17 0:00,17.15199504,2.976119922,5.122633608,4.179092111,0.509212477,0.768639335
2020/7/18 0:00,17.0799106,2.940278385,5.100860055,4.162987232,0.517866491,0.780216672
2020/7/19 0:00,17.13579467,2.925886968,5.15532586,4.175355132,0.515713115,0.786000422
2020/7/20 0:00,17.96487858,2.921987331,5.145192389,4.202675381,0.520446826,0.82107079
2020/7/21 0:00,17.48010559,2.885360845,5.163398853,4.222995381,0.520031099,0.782138989
2020/7/22 0:00,17.73993556,2.982251024,5.197462851,4.247798149,0.528107105,0.791602425
2020/7/23 0:00,18.06467879,3.003300455,5.337719245,4.32325177,0.529198175,0.840400227
2020/7/24 0:00,18.67907136,3.002315376,5.521937615,4.33281574,0.526481919,0.88638788
2020/7/25 0:00,19.17406863,2.980177729,5.357912215,4.203631871,0.51820767,0.853175545
2020/7/26 0:00,19.80752853,3.038164787,5.515069322,4.289855838,0.526666298,0.874940627
2020/7/27 0:00,19.52096308,3.112856567,5.706309352,4.289751765,0.518842149,0.899899692
2020/7/28 0:00,19.68213941,3.402377617,5.820375535,4.439081415,0.532204611,0.888369226
2020/7/29 0:00,20.15961438,3.321153703,5.876504341,4.448572747,0.536036845,0.857887878
2020/7/30 0:00,19.87226129,3.327460126,5.791379931,4.457913208,0.547947632,0.834295011
2020/7/31 0:00,20.03146087,3.324134214,5.826249105,4.434831314,0.550077467,0.811809459
2020/8/1 0:00,20.69395572,3.415969859,5.859442377,4.412219397,0.543734176,0.792644586
2020/8/2 0:00,21.60204582,3.497149834,6.237908936,4.761903219,0.565637634,0.836535234
2020/8/3 0:00,20.90793498,3.341692959,5.69797997,4.483654507,0.541303096,0.802087036
2020/8/4 0:00,21.95591965,3.538530891,5.945684235,4.765546835,0.54807489,0.850927604
2020/8/5 0:00,22.26285168,3.471373464,5.976327499,4.86143972,0.554556238,0.859245932
2020/8/6 0:00,23.25810312,3.602697703,6.104879046,4.909183405,0.557066563,0.927128826
2020/8/7 0:00,22.72711584,3.531613938,6.081733309,4.855164092,0.55809222,0.98343988
2020/8/8 0:00,22.19926947,3.419403109,5.868576461,4.695528555,0.548198301,0.936034817
2020/8/9 0:00,22.86889206,3.480511005,5.920594767,4.730738949,0.548127884,0.982450157
2020/8/10 0:00,22.42038767,3.44711092,5.817339786,4.71000816,0.543413893,1.002515224
2020/8/11 0:00,22.57428904,3.505556182,5.842859022,4.698830892,0.549247212,1.009205054
2020/8/12 0:00,21.13387814,3.311452098,5.560394695,4.566114201,0.529823128,0.946645478
2020/8/13 0:00,21.60059011,3.362455585,5.51655544,4.476642307,0.540491059,0.97421812
2020/8/14 0:00,21.7611413,3.45845212,5.668122649,4.607737556,0.539743937,1.028917572
2020/8/15 0:00,23.0244045,3.503541678,5.969412918,4.689404057,0.541270908,1.057000015
2020/8/16 0:00,22.90796258,3.445330816,5.999139653,4.800129272,0.631187441,1.13233095
2020/8/17 0:00,23.47471961,3.452797814,5.926326756,4.8332194,0.623801695,1.189878556
2020/8/18 0:00,23.52633097,3.528260167,5.879396823,4.784323861,0.618986149,1.296620344
2020/8/19 0:00,22.97380165,3.504196254,5.630368865,4.72647938,0.593015635,1.251416806
2020/8/20 0:00,22.30758296,3.346968231,5.35830156,4.613734282,0.574188546,1.231908141
2020/8/21 0:00,23.07262944,3.450198396,5.540548686,4.807313139,0.604880735,1.302537221
2020/8/22 0:00,22.09465246,3.272574253,5.295300699,4.680885263,0.5926725,1.341968579
2020/8/23 0:00,22.17583929,3.345315233,5.307691799,4.652512094,0.593378701,1.355574421
2020/8/24 0:00,21.83761773,3.374229771,5.243485744,4.65214876,0.595902316,1.327488824
2020/8/25 0:00,22.57149422,3.466547518,5.299033915,4.777938805,0.599161101,1.410943312
2020/8/26 0:00,21.45247745,3.483820212,5.631337483,4.798233808,0.578767895,1.377315784
2020/8/27 0:00,22.22593966,3.627158581,5.619061151,4.973257366,0.593343164,1.382898422
2020/8/28 0:00,23.07188472,3.573099768,5.445382585,4.774613644,0.580313785,1.372578923
2020/8/29 0:00,23.06537998,3.808107973,5.518049706,4.84013953,0.589001308,1.430646747
2020/8/30 0:00,22.99170497,3.972239935,5.403888318,4.78270103,0.585050015,1.414650511
2020/8/31 0:00,23.62291043,4.200260383,5.51827708,4.854907369,0.591041683,1.410064101
2020/9/1 0:00,23.16343363,4.218879434,5.638908147,4.935044149,0.615040698,1.373253185
2020/9/2 0:00,24.66651194,4.480871094,5.738275769,4.950812796,0.677059667,1.410072187
2020/9/3 0:00,24.64635904,4.239813712,5.723202066,5.04772445,0.634886953,1.330337182
2020/9/4 0:00,20.51672336,3.617831596,5.147908398,4.371336378,0.572456812,1.106399733
2020/9/5 0:00,20.96727942,3.66719803,5.149904617,4.453654891,0.56245178,1.242054759
2020/9/6 0:00,19.40743244,3.333331922,4.927121566,4.330610155,0.548499069,1.161357687
2020/9/7 0:00,23.23637631,3.658965008,5.31779488,4.675104986,0.575253493,1.188879871
2020/9/8 0:00,22.31487528,3.661778339,5.418396845,4.615863535,0.563212852,1.193271321
2020/9/9 0:00,23.00880342,3.589190425,5.259871305,4.541734771,0.555660632,1.156299938
2020/9/10 0:00,24.48604525,3.72838892,5.344760081,4.678201628,0.563244771,1.186627048
2020/9/11 0:00,24.4138426,3.790214036,5.500007785,4.720879249,0.541905913,1.28266975
2020/9/12 0:00,25.38928109,3.832765361,5.436294584,4.728168732,0.552118155,1.235874899
2020/9/13 0:00,28.45320778,4.001422029,5.692743871,4.729983579,0.56207884,1.252667609
2020/9/14 0:00,31.11747197,3.967750001,6.53459729,4.824584941,0.599927474,1.227080024
2020/9/15 0:00,31.2132309,4.079681891,6.508700568,4.792587367,0.584947006,1.255848673
2020/9/16 0:00,27.17624422,3.825294297,6.259610555,4.786178785,0.584995026,1.230619503
2020/9/17 0:00,27.85508077,3.833082223,6.381941533,4.764288112,0.581668491,1.242116698
2020/9/18 0:00,26.79178309,3.83878216,6.115299176,4.85161868,0.579527218,1.215062358
2020/9/19 0:00,27.09515766,3.821062983,6.129576807,4.896613641,0.573937892,1.196077775
2020/9/20 0:00,27.20293463,3.848873733,6.137848483,4.912376898,0.574397647,1.20136725
2020/9/21 0:00,26.4293605,3.750521041,6.194912027,4.811269879,0.55691336,1.159656997
2020/9/22 0:00,23.53325019,3.60999104,5.888317903,4.559870457,0.537769207,1.051507964
2020/9/23 0:00,24.02697589,3.611684827,6.012034754,4.579924012,0.539859981,1.054982121
2020/9/24 0:00,22.81030009,3.438682292,6.030355857,4.504308034,0.527441364,1.004086117
2020/9/25 0:00,24.51830102,3.643768013,6.213291748,4.637099712,0.537847252,1.054474839
2020/9/26 0:00,24.62590534,3.627161756,6.273896378,4.622886009,0.536399195,1.017143217
2020/9/27 0:00,26.17859218,3.64775165,6.262107031,4.638918188,0.537434516,0.90616992
2020/9/28 0:00,26.19438529,3.620027008,6.188202023,4.627080655,0.527508805,0.889561405
2020/9/29 0:00,26.84945838,3.605455085,6.078911974,4.60314063,0.516073066,0.836444328
2020/9/30 0:00,28.78426116,3.672078193,6.138568126,4.625632292,0.51444135,0.887709272
2020/10/1 0:00,29.241128,3.656249488,6.137817009,4.615598737,0.516296458,0.873243843
2020/10/2 0:00,27.45899928,3.606407168,6.140074864,4.622644109,0.517560921,0.849728494
2020/10/3 0:00,27.24763049,3.53294307,6.131361278,4.65768473,0.507059864,0.8617934
2020/10/4 0:00,28.22021835,3.54734771,6.108435654,4.632860949,0.523356017,0.844355082
2020/10/5 0:00,28.97366757,3.553687329,6.148439894,4.649870819,0.520140954,0.85541201
2020/10/6 0:00,28.60297752,3.542473858,6.215563787,4.616757004,0.519629127,0.841449183
2020/10/7 0:00,27.67315432,3.414607727,6.082573288,4.557402395,0.509742067,0.821701038
2020/10/8 0:00,27.67401259,3.406683273,6.107417215,4.562769692,0.515396077,0.853262984
2020/10/9 0:00,27.69157699,3.466017707,6.12039691,4.618848108,0.51833951,0.860483347
2020/10/10 0:00,28.38981411,3.551227701,6.328304957,4.683217208,0.524107328,0.866893201
2020/10/11 0:00,28.26150653,3.510785346,6.094887891,4.676958126,0.525654532,0.855395349
2020/10/12 0:00,28.50595191,3.529788701,6.100315605,4.692252154,0.529034523,0.86371531
2020/10/13 0:00,30.67613743,3.647260939,6.126153437,4.733617831,0.533896482,0.851158109
2020/10/14 0:00,30.68552819,3.656850731,6.078720884,4.679393192,0.524524596,0.871841535
2020/10/15 0:00,30.8758642,3.650714569,6.037841499,4.661569934,0.529387593,0.865684846
2020/10/16 0:00,31.22345754,3.641410056,5.874061236,4.613364836,0.517325763,0.883843081
2020/10/17 0:00,29.98035106,3.530697849,5.18450559,4.420106971,0.501458508,0.893413678
2020/10/18 0:00,30.23506695,3.556451707,4.446733821,4.309492276,0.49147661,0.906191762
2020/10/19 0:00,30.6441452,3.6060301,4.794374393,4.434506765,0.496299349,0.916656237
2020/10/20 0:00,29.90917536,3.615965617,4.536956966,4.37954655,0.501461181,0.916543253
2020/10/21 0:00,28.77423158,3.574180224,4.733908824,4.337398759,0.502289501,0.920959967
2020/10/22 0:00,29.64098751,3.748183003,4.956026935,4.467453457,0.5092933,0.925835758
2020/10/23 0:00,30.56860047,3.881382838,4.819849396,4.539153651,0.511034035,0.913465947
2020/10/24 0:00,30.59948341,3.882698536,4.495319047,4.489871096,0.508447839,0.907203921
2020/10/25 0:00,30.55520056,3.93842582,4.582721389,4.499126244,0.510078826,0.902197977
2020/10/26 0:00,30.06835599,3.882830968,4.616118278,4.429035835,0.506924589,0.883169269
2020/10/27 0:00,31.11116017,3.929934914,4.646981581,4.413466059,0.498159825,0.855892746
2020/10/28 0:00,31.58005215,4.023616346,4.670601359,4.313975826,0.490520009,0.848547684
2020/10/29 0:00,30.38316468,3.757203455,4.609549071,4.226726493,0.479739058,0.853234125
2020/10/30 0:00,29.82193854,3.853577009,4.628214273,4.262942069,0.478352506,0.858315057
2020/10/31 0:00,28.49748123,3.734192053,4.450321908,4.088465327,0.45764039,0.847464698
2020/11/1 0:00,28.38586753,3.696347082,4.471467306,4.232315634,0.46143184,0.854432134
2020/11/2 0:00,28.38320709,3.628568625,4.546669455,4.150394603,0.452666568,0.851389208
2020/11/3 0:00,27.90151043,3.501548619,4.375854736,3.81354787,0.430731348,0.840122687
2020/11/4 0:00,26.86032739,3.470223853,4.18584373,3.6482034,0.416776977,0.831189068
2020/11/5 0:00,26.85036419,3.385020235,4.284190431,3.542426988,0.40581072,0.831715333
2020/11/6 0:00,27.66041204,3.52802141,4.478611544,3.60896766,0.417140535,0.85858529
2020/11/7 0:00,28.93131248,3.626986879,4.643716594,3.815804159,0.432548604,0.843132513
2020/11/8 0:00,27.69490216,3.42022043,4.669049463,3.713742283,0.413912737,0.834377641
2020/11/9 0:00,28.27283238,3.548621577,4.679751287,3.776494236,0.416571711,0.83903176
2020/11/10 0:00,27.97764626,3.539761655,4.606653943,3.74709112,0.418195913,0.837360327
2020/11/11 0:00,28.15111181,3.653328469,4.633908832,3.658845819,0.423841956,0.843541542
2020/11/12 0:00,27.9390485,3.683805943,4.760059038,3.650838219,0.429856597,0.848325017
2020/11/13 0:00,27.54431384,3.690241708,4.836624457,3.623773496,0.424788862,0.84177334
2020/11/14 0:00,28.192835,3.738947257,4.840768598,3.637242565,0.426374582,0.844875627
2020/11/15 0:00,27.95381965,3.666487181,4.715224033,3.617975624,0.421558182,0.840020403
2020/11/16 0:00,27.60159012,3.590919224,4.659293751,3.628032543,0.419460221,0.825120878
2020/11/17 0:00,28.0222738,3.683930284,4.632958739,3.535729001,0.418271896,0.813607158
2020/11/18 0:00,28.4969233,3.840551443,4.80081434,3.689179506,0.431418675,0.799736651
2020/11/19 0:00,28.06926569,3.796417134,5.388666741,3.816110277,0.426425037,0.76106369
2020/11/20 0:00,28.04644218,3.754654528,5.685293964,4.134687031,0.44714934,0.771272401
2020/11/21 0:00,28.85111468,3.947732748,5.897723062,4.298647787,0.456632728,0.818863216
2020/11/22 0:00,30.45155541,4.048350517,5.957166866,4.323469462,0.467923015,0.827754519
2020/11/23 0:00,29.97730228,4.090663165,6.292570161,4.238668916,0.459068665,0.801522778
2020/11/24 0:00,30.89436318,4.224281183,6.193392582,4.243252891,0.472321731,0.839378849
2020/11/25 0:00,33.74014405,4.355492527,6.038515319,4.423307036,0.479012103,0.8374712
2020/11/26 0:00,31.38573384,4.15238762,5.740907707,4.150967791,0.466368887,0.823992108
2020/11/27 0:00,28.18373676,3.917637183,5.397758702,4.069472558,0.453827316,0.782978553
2020/11/28 0:00,28.48812096,3.985702714,5.208889283,4.062550598,0.459853318,0.804632876
2020/11/29 0:00,29.11177305,4.109910677,5.254900735,4.109305084,0.461840428,0.805189103
2020/11/30 0:00,30.11208296,4.28856946,5.34595389,4.055323317,0.462908152,0.801310077
2020/12/1 0:00,31.2449532,4.656156781,5.500717777,4.129787782,0.472570755,0.820693262
2020/12/2 0:00,30.13356224,4.504909533,5.227687439,4.002125309,0.454814082,0.829669948
2020/12/3 0:00,30.28595059,4.516689691,5.384893492,4.007747799,0.455513341,0.843698203
2020/12/4 0:00,30.65172126,4.590050557,5.255270822,3.977824562,0.461698124,0.835653
2020/12/5 0:00,29.1551304,4.356941615,5.083702446,3.880320762,0.450148244,0.820191165
2020/12/6 0:00,29.72324892,4.484420935,5.131033847,3.910874334,0.448194402,0.825797659
2020/12/7 0:00,29.48625441,4.519364191,5.085573867,3.904610364,0.447939939,0.821495402
2020/12/8 0:00,29.35491476,4.475136711,5.316777681,3.927445223,0.446383732,0.814354579
2020/12/9 0:00,27.66785174,4.211740637,5.254169626,4.099100205,0.445671962,0.786303186
2020/12/10 0:00,28.19581064,4.310420901,5.250553944,4.086178666,0.443732578,0.785727623
2020/12/11 0:00,27.69850463,4.225078874,5.208197565,3.993227334,0.440978883,0.780301107
2020/12/12 0:00,27.3861504,4.115257835,5.524978774,3.959270319,0.436245521,0.776228076
2020/12/13 0:00,28.15946696,4.259014797,5.521836162,3.991516623,0.437397553,0.801139267
2020/12/14 0:00,29.05045589,4.458487187,5.628006585,3.979456781,0.441406101,0.809435468
2020/12/15 0:00,29.97013337,4.54001947,5.595980887,3.924698553,0.440706864,0.788724519
2020/12/16 0:00,29.52575816,4.636014278,5.750756731,3.906491483,0.436426415,0.791184161
2020/12/17 0:00,30.44725203,4.864630729,5.802192998,4.047762158,0.453087736,0.813714
2020/12/18 0:00,30.151923,4.867648588,5.812214744,4.020441516,0.447427345,0.796263999
2020/12/19 0:00,30.95368057,4.921767437,6.032690748,4.046087235,0.452393934,0.796361875
2020/12/20 0:00,33.28571226,5.049107487,6.053027354,4.281890281,0.45748883,0.793062895
2020/12/21 0:00,34.18992897,4.975929271,5.983153488,4.083588207,0.454953566,0.789885914
2020/12/22 0:00,32.30313974,4.81656838,5.626983311,4.042857534,0.444046405,0.766227863
2020/12/23 0:00,33.50989058,4.959019093,6.088814281,4.119813724,0.451055823,0.769057716
2020/12/24 0:00,31.29801713,4.748510156,5.958269416,3.923223668,0.426102021,0.71292941
2020/12/25 0:00,32.49695051,4.871471166,6.063007435,3.986340382,0.440281849,0.736379692
2020/12/26 0:00,33.15766053,4.927369148,6.173871936,4.039576396,0.435355607,0.727177878
2020/12/27 0:00,33.51240177,5.070267453,6.107530316,3.998962879,0.442347406,0.700501719
2020/12/28 0:00,33.49744382,5.146788594,6.541405913,4.012295658,0.431058435,0.6782794
2020/12/29 0:00,35.91606908,5.407611547,7.527346721,4.229529088,0.438360955,0.692911573
2020/12/30 0:00,38.83756963,5.623470479,7.627286704,4.334326392,0.454749972,0.719688704
2020/12/31 0:00,38.15092697,5.755524586,7.633909648,4.321986277,0.450857772,0.709643361
2021/1/1 0:00,37.39459109,5.77465098,7.789993802,4.379403823,0.455804667,0.694783251
2021/1/2 0:00,37.90708019,5.817689622,9.213769005,5.195622528,0.51865259,0.68832761
2021/1/3 0:00,38.34078277,6.200038165,8.313005516,4.851877218,0.510980386,0.680304432
2021/1/4 0:00,41.07383346,6.91940824,7.528337657,4.898865168,0.501360867,0.70673112
2021/1/5 0:00,39.96291376,7.347573209,7.049350972,4.742710156,0.473353072,0.812723328
2021/1/6 0:00,41.70002777,8.666591954,7.520892681,4.8348617,0.502055275,0.843137036
2021/1/7 0:00,42.18286284,9.374884943,7.453555243,5.028004276,0.512636165,0.899520418
2021/1/8 0:00,43.39950366,9.580697416,7.465504624,5.04621862,0.510737544,0.988203112
2021/1/9 0:00,42.4666801,9.397323421,7.170432474,4.927368011,0.495008315,1.025630956
2021/1/10 0:00,44.00947186,9.577311532,7.28831116,5.222863533,0.49839753,1.240819206
2021/1/11 0:00,42.58410099,9.308648498,7.049403377,5.577654933,0.503711676,1.177789702
2021/1/12 0:00,38.45392552,8.614865553,6.354542659,4.81014401,0.466345142,1.085168792
2021/1/13 0:00,38.1142722,8.391035106,6.365618664,4.680814881,0.467178564,1.135020082
2021/1/14 0:00,40.22565374,9.205980392,6.45686413,4.944890439,0.490314858,1.188373352
2021/1/15 0:00,41.76107527,9.625141589,6.198829722,4.996568213,0.498084167,1.163928222
2021/1/16 0:00,41.00211348,9.185763845,5.870123919,5.093204406,0.499018446,1.153719174
2021/1/17 0:00,43.22802604,9.459722823,6.079592651,5.174696366,0.496405366,1.186134525
2021/1/18 0:00,45.61128938,9.982185003,6.285610168,5.340020311,0.502420316,1.15992351
2021/1/19 0:00,45.26255346,10.69117586,6.576233993,5.785164865,0.50628685,1.158914625
2021/1/20 0:00,42.9091445,10.66715749,6.115189517,5.844593535,0.520092751,1.20105395
2021/1/21 0:00,42.51666064,10.49124552,6.413489559,5.778594595,0.505443295,1.157233555
2021/1/22 0:00,38.76373901,8.86494808,5.951630115,5.184250008,0.484203628,1.051071676
2021/1/23 0:00,40.76713001,9.875072139,5.942267371,5.438717207,0.500722439,1.088312768
2021/1/24 0:00,40.77664236,9.726573284,5.895345006,5.77113662,0.51339901,1.17143387
2021/1/25 0:00,41.84754637,10.32586825,5.900859376,5.764046727,0.502678161,1.154994558
2021/1/26 0:00,41.43889067,9.79261439,5.810738784,5.707855866,0.509941503,1.186511871
2021/1/27 0:00,41.53699697,10.22694712,5.603544908,5.678981581,0.510862496,1.164399193
2021/1/28 0:00,41.06200611,9.590080322,5.285503997,5.487974624,0.520422479,1.135710553
2021/1/29 0:00,42.39337275,11.57808434,5.472447759,5.903504531,0.546122516,1.171801208
2021/1/30 0:00,42.73677105,11.81125943,5.439111673,6.013120332,0.554353926,1.160652653
2021/1/31 0:00,44.61666144,11.49474856,5.393643225,6.383733977,0.557342519,1.196186707
2021/2/1 0:00,44.24836111,11.09232358,5.742372182,6.854832556,0.586148271,1.174788705
2021/2/2 0:00,51.46623653,11.85968488,5.768206219,6.789245043,0.594108142,1.196718517
2021/2/3 0:00,50.91219343,12.7588343,5.860310442,6.910535337,0.626426252,1.201255439
2021/2/4 0:00,52.31846242,13.36030392,6.215378964,7.44926079,0.619133328,1.281943926
2021/2/5 0:00,55.77362363,13.20102402,6.058211871,7.686409815,0.598690806,1.304763273
2021/2/6 0:00,68.3389566,14.82706899,6.601122178,8.145600782,0.62725558,1.406293082
2021/2/7 0:00,72.63187898,14.60198487,6.558883069,8.741420698,0.672244319,1.642415499
2021/2/8 0:00,68.25050172,14.35611565,6.26396291,8.895266322,0.723769818,1.694836468
2021/2/9 0:00,79.49801889,16.83329493,6.348655655,9.219065833,0.720336247,1.815473598
2021/2/10 0:00,107.7355338,18.84732172,8.359553708,11.87256973,0.917275009,2.114342892
2021/2/11 0:00,129.1336119,20.5210993,9.198104931,13.366998,0.908145122,2.720605633
2021/2/12 0:00,123.8054447,20.80035686,8.596624556,12.61552081,0.886506036,2.471892356
2021/2/13 0:00,136.4805215,21.09510906,9.084342548,12.96066537,0.904618212,2.556680764
2021/2/14 0:00,133.3226267,20.66830328,8.946948399,12.50246902,0.951909102,2.693358412
2021/2/15 0:00,136.6147425,20.72018957,8.753740672,12.26011365,0.947962697,2.50153478
2021/2/16 0:00,129.3750183,20.15005003,8.372242884,12.14140423,0.939398454,2.316214394
2021/2/17 0:00,129.7750466,20.90258829,8.257247006,12.05602924,0.928162631,2.221611556
2021/2/18 0:00,163.6226703,23.13315218,9.793346262,14.36164601,0.995392138,2.468207652
2021/2/19 0:00,194.5297878,26.22738267,10.62857639,15.96288867,1.155633499,2.673925852
2021/2/20 0:00,338.0661361,34.66531119,16.87126887,25.78574678,2.312193487,3.800558328
2021/2/21 0:00,257.3900908,31.77701085,13.78808766,21.04639738,2.067937524,4.389213989
2021/2/22 0:00,295.6003538,34.35239487,21.51952361,25.47146065,2.184967093,6.798033718
2021/2/23 0:00,268.3919968,33.53431853,20.20720638,22.41310648,1.843502556,5.924675306
2021/2/24 0:00,228.7243478,28.26393791,17.02385889,18.57301589,1.582537456,5.069013957
2021/2/25 0:00,255.4767184,30.14225541,18.77460727,19.6142175,1.555430734,5.38119498
2021/2/26 0:00,235.3677756,28.22482035,16.96153558,16.9227538,1.473075257,4.964866188
2021/2/27 0:00,221.9119985,27.80180043,16.40438527,15.50454671,1.352538533,4.695461417
2021/2/28 0:00,226.7268658,27.59272681,18.44467724,16.12409915,1.447718479,4.820761909
2021/3/1 0:00,209.7755561,25.89059447,15.62886236,13.68912748,1.255614774,4.14505679
2021/3/2 0:00,256.1825241,30.00539335,17.91751929,14.78270338,1.349218682,4.964511072
2021/3/3 0:00,240.9341514,29.70415507,17.0593232,14.56322712,1.386246322,4.60309851
2021/3/4 0:00,241.7597517,31.33460292,17.16441535,15.25444973,1.510335576,4.829428282
2021/3/5 0:00,230.2665091,29.60009086,17.6564215,15.80486701,1.472061365,4.549444855
2021/3/6 0:00,226.9398479,29.01645945,17.28220041,15.48367041,1.424643419,4.345447108
2021/3/7 0:00,226.6562676,29.68199858,17.02623184,15.32391671,1.472843635,4.31667303
2021/3/8 0:00,240.0619975,30.88409313,17.53100886,15.70869811,1.491809369,4.697441338
2021/3/9 0:00,240.6162241,32.08665149,16.87246107,15.63029812,1.455380562,4.615389178
2021/3/10 0:00,294.720234,37.58915434,17.91239791,17.28479983,1.624770801,5.261758629
2021/3/11 0:00,278.4013401,36.50647526,16.64661518,16.12272362,1.5199669,4.909170771
2021/3/12 0:00,288.4728386,38.44572801,16.44167906,15.87329357,1.524563309,4.891000201
2021/3/13 0:00,264.0805316,37.14243554,15.78764463,15.02364016,1.468981567,4.631161168
2021/3/14 0:00,277.1037455,40.69493794,16.07952265,15.47166362,1.524004792,5.211590339
2021/3/15 0:00,265.9740236,41.85163727,15.84292427,14.94125594,1.505199123,4.802996731
2021/3/16 0:00,253.4992924,40.48117616,14.77198493,14.6732727,1.461247797,4.649630015
2021/3/17 0:00,259.050404,40.26185778,14.82861229,14.79287136,1.554334925,4.63141884
2021/3/18 0:00,270.9234325,41.35723561,14.75592548,14.75890025,1.83229988,4.821501342
2021/3/19 0:00,262.6519957,39.86563076,14.50255015,14.57960548,1.978015181,4.758145481
2021/3/20 0:00,263.5787948,40.51966498,14.54558163,14.3180196,2.098401095,4.952643076
2021/3/21 0:00,265.2684681,40.35561225,14.4917209,14.42442231,2.090872666,4.967809736
2021/3/22 0:00,265.0540332,39.57654379,14.11584523,13.97548607,1.975465412,5.032538406
2021/3/23 0:00,256.9486489,36.88929484,13.63066767,12.92675398,1.888610722,4.934726249
2021/3/24 0:00,255.2778679,36.82629426,13.53080134,12.80359299,1.802694969,4.893567487
2021/3/25 0:00,248.3507196,34.33350315,12.85752566,12.58663339,1.782081785,4.463377098
2021/3/26 0:00,234.2370385,32.70922528,12.09794081,12.39221162,1.725661852,4.397923699
2021/3/27 0:00,254.7015843,35.7446105,12.77878287,12.87083989,1.789926596,4.966013144
2021/3/28 0:00,269.3959132,36.4823208,12.62616421,12.98263917,1.845820639,4.92067686
2021/3/29 0:00,268.6806004,36.63347101,13.53538388,13.51087257,1.849861718,4.931574667
2021/3/30 0:00,274.956856,38.7066124,14.70329597,14.51545906,1.857785626,5.112776573
2021/3/31 0:00,309.411285,40.0635714,16.29958435,15.94530001,1.979123132,5.197628122
2021/4/1 0:00,302.7451934,39.88856046,16.96006738,15.63402868,1.908899615,5.256217664
2021/4/2 0:00,335.8341853,40.6204918,17.08545966,16.68476646,2.058362384,6.546465412
2021/4/3 0:00,336.951531,41.77804751,17.47221881,16.9634231,2.140134125,7.206670455
2021/4/4 0:00,320.5387812,39.864767,15.87969502,15.71346782,2.039311947,6.387291583
2021/4/5 0:00,349.0454044,41.38960975,16.8477405,16.31352909,2.331919014,7.436775806
2021/4/6 0:00,367.4580272,43.4164937,17.64388218,16.86648171,2.515921812,9.243213513
2021/4/7 0:00,404.4605068,45.93112577,18.45125205,18.37629118,2.6141195,11.20184526
2021/4/8 0:00,377.005035,44.56179426,18.10651746,16.30728231,2.441589925,11.03648575
2021/4/9 0:00,418.1377217,48.72628689,19.17817135,17.68646977,2.625744421,13.81984819
2021/4/10 0:00,451.2108573,49.8173778,19.39007164,18.26818501,3.181245613,16.868533
2021/4/11 0:00,471.8358234,49.12035328,20.71458428,18.81300676,3.234416037,17.91618592
2021/4/12 0:00,522.9036942,51.23799533,22.09530806,20.0608795,4.254175434,18.65727283
2021/4/13 0:00,598.5534973,52.85113762,22.74462661,21.46943815,4.217755364,18.55162023
2021/4/14 0:00,553.1237144,55.49097004,21.61769349,20.50651294,3.936648655,16.44119326
2021/4/15 0:00,541.5605143,55.69259047,20.06364184,20.49165784,3.694252735,16.76591404
2021/4/16 0:00,542.999425,56.24701256,20.66376177,21.24978113,3.988764801,15.85114314
2021/4/17 0:00,510.8238324,53.38002926,18.96639362,20.44828493,3.68438402,14.13524838
2021/4/18 0:00,516.7865555,51.88658984,18.43661878,18.94521272,3.673937132,12.81388685
2021/4/19 0:00,480.4177528,50.11951411,17.62710395,17.4891982,3.351700632,13.83117352
2021/4/20 0:00,503.6477775,49.46596722,16.17757365,17.3244473,3.138212722,12.21439015
2021/4/21 0:00,580.4588712,52.34214231,17.5367496,19.17917517,3.403112855,13.27716158
2021/4/22 0:00,550.8887931,51.09389344,17.37060468,20.41499626,3.328339134,12.81527493
2021/4/23 0:00,513.6206366,49.3204188,16.71126829,18.96083608,3.273832596,11.85333751
2021/4/24 0:00,527.7805404,47.4576659,16.60146666,18.55335845,3.10983634,11.35887372
2021/4/25 0:00,499.3232744,45.58858004,16.56915432,17.3867372,3.001279863,10.82479963
2021/4/26 0:00,506.0473074,46.41495583,16.39778854,17.24630483,3.012371005,10.46066366
2021/4/27 0:00,533.5835252,50.72593177,17.47583399,18.33533264,3.410401427,13.19801409
2021/4/28 0:00,568.9669199,53.62782538,17.71315659,18.88081263,3.546932454,13.42109127
2021/4/29 0:00,562.5777798,52.88658268,17.28594498,18.53205435,3.509857938,12.99974299
2021/4/30 0:00,599.8789118,52.46984784,19.9459119,21.3927653,3.781296488,13.4978539
2021/5/1 0:00,624.5765352,54.89090097,21.31350241,23.85043255,4.481748969,14.50372131
2021/5/2 0:00,619.0308894,55.4816638,33.86682703,28.35442186,4.77785689,15.17549343
2021/5/3 0:00,622.5877666,54.97609419,41.58619545,27.34630605,4.806370318,14.90752131
2021/5/4 0:00,675.0989738,57.85123278,39.63170724,27.08558615,4.933184099,15.77573434
2021/5/5 0:00,608.6328979,53.88221063,36.70848296,23.95819618,5.298508023,13.82946259
2021/5/6 0:00,651.8302379,58.47404186,37.39606958,25.19538192,6.993400222,14.70165856
2021/5/7 0:00,635.5432986,57.94647553,32.74889226,23.79433673,6.788284169,14.0801997
2021/5/8 0:00,625.0943959,58.59467976,33.1037656,26.28285994,6.482758797,12.86836102
2021/5/9 0:00,645.0585762,61.2916411,32.19049414,26.03779798,6.585841935,12.70333772
2021/5/10 0:00,661.8917093,60.9088643,32.75286315,27.80323939,7.843984972,13.28173525
2021/5/11 0:00,634.589453,59.17688819,32.52794988,29.0289426,8.284495239,11.89156984
2021/5/12 0:00,672.6378252,61.4847775,34.5009476,33.80289027,9.745131797,13.22320831
2021/5/13 0:00,602.4357875,58.26308847,33.51730759,35.00110513,11.43015513,11.46622721
2021/5/14 0:00,569.7521822,54.99058199,35.03862771,33.34560992,9.553245652,11.26258659
2021/5/15 0:00,602.9050777,57.95813425,34.1712123,34.32896635,9.586102946,11.99786688
2021/5/16 0:00,563.5052998,53.39381202,32.23309345,30.68559623,7.904784397,11.40603009
2021/5/17 0:00,563.8787106,54.05373555,30.72760781,29.31987601,8.188255604,11.11269287
2021/5/18 0:00,513.8795216,50.17212395,27.42778488,28.35559607,7.363614955,10.21829164
2021/5/19 0:00,510.0773652,50.95144045,27.04326935,27.96796214,7.176524263,10.50954897
2021/5/20 0:00,347.4463661,37.22528609,17.91558416,21.08908735,5.048878067,6.519532866
2021/5/21 0:00,390.4055489,40.71913431,21.03010643,23.86236009,6.116515731,8.135761439
2021/5/22 0:00,322.2867463,35.93562544,14.39119383,17.08565264,5.152278018,6.963931811
2021/5/23 0:00,301.270199,33.32586005,13.60183601,14.9728577,4.634521409,7.013666088
2021/5/24 0:00,261.2622534,27.11330058,12.27589699,12.75488274,4.007523166,5.971592425
2021/5/25 0:00,343.5153239,33.29670177,15.21068896,16.4457675,4.868057896,7.231710465
2021/5/26 0:00,342.9612065,33.06696119,14.45916393,16.82607338,4.71443301,6.92703762
2021/5/27 0:00,378.0723879,36.67883503,14.83698875,17.039622,5.171976403,7.521090169
2021/5/28 0:00,367.2922865,35.88636859,14.45808654,16.13034565,4.834310134,7.625016821
2021/5/29 0:00,330.4736453,32.30626582,13.27056278,14.6759764,4.309478742,6.749624804
2021/5/30 0:00,305.8489751,30.35712611,13.00406049,14.92780845,4.263758448,6.504397327
2021/5/31 0:00,325.5740271,31.44093211,13.16160974,14.66928117,4.365842415,6.876639364
2021/6/1 0:00,353.0811759,34.07179241,13.7292155,15.42167446,4.521448147,7.550366994
2021/6/2 0:00,361.6656548,33.77184073,13.43476251,15.73533742,4.494926067,7.403079548
2021/6/3 0:00,402.6103888,34.97762946,17.83494848,17.02594204,4.771259096,8.277244611
2021/6/4 0:00,428.9300106,36.57473544,18.04206847,17.26483576,5.099481069,9.577947116
2021/6/5 0:00,392.2808832,34.72455064,16.21271539,16.05113514,4.785552676,8.614150899
2021/6/6 0:00,388.3301908,33.38127126,16.22108628,15.76302132,4.709873845,8.264823244
2021/6/7 0:00,392.0265012,33.83810304,16.2303742,15.42877491,4.730835773,8.559393722
2021/6/8 0:00,356.2614147,31.68545513,14.67998855,14.5631149,4.36196632,7.813049871
2021/6/9 0:00,353.7624005,31.16428052,14.37331331,13.87453285,4.082374115,8.097938901
2021/6/10 0:00,376.1873671,33.70438531,14.83294484,14.52026093,4.270542712,8.503750907
2021/6/11 0:00,352.3918786,32.60708712,14.28677608,14.45667117,4.043916631,8.101125367
2021/6/12 0:00,346.0770263,31.53208073,13.90592334,13.69303658,3.959706044,7.946166769
2021/6/13 0:00,345.0457267,30.71309434,13.22219942,13.06495759,3.846670223,8.016339383
2021/6/14 0:00,365.2476466,32.93744884,13.95743018,13.78706527,4.035339483,8.673912006
2021/6/15 0:00,371.0042376,34.150097,14.6979873,14.7853867,4.172661519,8.69922293
2021/6/16 0:00,369.0197344,33.96406251,14.6675559,14.31195615,4.103094838,8.788594333
2021/6/17 0:00,346.4393384,31.82425169,13.4414682,13.21932678,3.900102434,8.631111304
2021/6/18 0:00,353.2126444,32.16701994,13.2987482,13.11829924,3.840859465,8.903925523
2021/6/19 0:00,337.6347927,29.72081056,12.99960705,12.44544224,3.681744502,8.170593429
2021/6/20 0:00,335.0701812,29.5255801,12.5591692,12.18863253,3.627917339,8.038859686
2021/6/21 0:00,340.2281584,29.96303814,12.66287727,11.99112173,3.603911622,7.987204369
2021/6/22 0:00,274.2705569,25.17962472,10.34186315,9.434208087,2.799869107,6.279794707
2021/6/23 0:00,261.4322396,24.85476228,9.06203913,9.164099719,2.767196887,6.170740715
2021/6/24 0:00,296.1273022,26.34540624,9.91192768,10.02540776,3.065972997,6.782866842
2021/6/25 0:00,308.7936105,26.27949135,10.49208542,10.93358065,3.215875145,6.994857144
2021/6/26 0:00,284.0782308,23.58265955,9.847504475,9.95978512,2.998189862,6.637905731
2021/6/27 0:00,277.3996323,22.57165426,9.580866179,9.75689723,3.062389003,6.71009681
2021/6/28 0:00,289.224867,24.51654066,9.918825319,10.20032714,3.149274725,7.238118476
2021/6/29 0:00,291.0298353,25.53494431,10.41467309,10.41126266,3.202680609,7.252982783
2021/6/30 0:00,300.9239256,26.92734078,10.80218482,10.9011099,3.45306844,7.373939527
2021/7/1 0:00,303.7424427,27.58428848,11.01560444,10.80286725,3.499761866,7.454686762
2021/7/2 0:00,289.1924507,26.34830997,10.52254002,10.50290584,3.325805184,7.097359057
2021/7/3 0:00,288.1721729,27.36061553,10.40814741,10.44690813,3.319683938,7.207495976
2021/7/4 0:00,298.4150444,28.05224499,10.66275083,10.44183823,3.343478397,7.363075697
2021/7/5 0:00,308.2587162,27.51720638,10.7760045,10.8083799,3.397662294,7.736940617
2021/7/6 0:00,304.0232646,25.53680333,10.36129256,10.39243666,3.305214868,9.224697708
2021/7/7 0:00,320.3670298,28.71244895,10.506755,10.42974255,3.318465821,14.45749055
2021/7/8 0:00,328.2883149,29.99119074,10.54328591,10.33906984,3.307769522,13.18179906
2021/7/9 0:00,311.5331958,28.75257102,10.00397705,9.961798546,3.13930652,12.73710362
2021/7/10 0:00,318.3107569,30.35285785,9.979438269,9.734412908,3.20897744,12.76757806
2021/7/11 0:00,317.6743561,30.2407358,9.781527121,9.161040531,3.086067101,12.79726205
2021/7/12 0:00,322.2193548,30.99439738,9.877202749,9.432401243,3.119409951,13.96135234
2021/7/13 0:00,317.7586463,30.56793607,10.93897546,9.413123477,3.12952388,12.77661124
2021/7/14 0:00,308.8603139,29.60233952,10.84522759,9.250187318,3.032476284,11.28386212
2021/7/15 0:00,309.433965,28.43801425,11.18540123,9.528683336,3.021125505,11.85508665
2021/7/16 0:00,314.6362318,25.83323549,10.94188636,9.098688763,2.963325341,10.86516375
2021/7/17 0:00,302.3938695,25.51493752,10.86796726,8.757004019,2.88915384,9.687039602
2021/7/18 0:00,300.9242793,26.40576663,10.8034922,8.541424189,2.93400142,10.24149292
2021/7/19 0:00,304.2662317,26.22358701,10.89213204,8.589946145,2.930668133,10.52577537
2021/7/20 0:00,282.2370414,25.02797588,10.32299544,8.064277127,2.735475659,9.378785831
2021/7/21 0:00,266.3980944,25.93836309,10.03259857,7.56650705,2.602529366,8.473040367
2021/7/22 0:00,293.8431912,28.31180503,11.22121921,8.502570762,2.812924357,9.53253848
2021/7/23 0:00,293.8016654,28.87204766,12.95221896,8.910750332,2.819992593,9.732885273
2021/7/24 0:00,297.6400292,29.43695828,13.42371478,8.902538224,2.924433129,9.70130232
2021/7/25 0:00,301.4738995,30.22397529,14.00262898,9.243412478,2.909701628,9.886274805
2021/7/26 0:00,305.4674584,30.60018467,15.16071659,9.529881031,3.086560647,9.757954774
2021/7/27 0:00,302.9585615,29.67875883,15.83154897,9.847342598,3.067619151,9.587800074
2021/7/28 0:00,313.4962897,30.96282499,18.12465567,11.14491546,3.262037674,9.539137526
2021/7/29 0:00,313.7134833,31.87405556,17.69322963,10.73390584,3.243889931,9.50600247
2021/7/30 0:00,317.1152916,32.60774876,18.19555027,10.94581697,3.222035651,9.675494867
2021/7/31 0:00,322.7437577,35.03164301,18.737864,10.7891094,3.330020005,10.12530151
2021/8/1 0:00,334.9850285,35.47853612,19.60287397,10.93433895,3.636447439,10.28601486
2021/8/2 0:00,332.37264,34.89618437,19.35747908,10.75302589,3.611235011,10.03872909
2021/8/3 0:00,331.4526,35.67837082,18.77016069,10.47281561,3.65731547,9.961167563
2021/8/4 0:00,323.0998008,36.10832493,17.4755159,10.2094169,3.52870421,10.50607613
2021/8/5 0:00,334.9795053,37.7603931,18.72692775,10.59502664,3.585787145,10.41423736
2021/8/6 0:00,338.2818688,39.73664072,20.40662473,10.93100579,3.616633091,10.28027148
2021/8/7 0:00,342.2752093,41.20661881,21.35813098,11.37636175,3.856092721,10.44076465
2021/8/8 0:00,356.2190113,44.68049866,25.10121093,12.81373136,4.096464665,10.99752139
2021/8/9 0:00,341.4564973,43.38007751,22.31312075,12.1857932,3.817634722,10.34541658
2021/8/10 0:00,354.8668108,48.72115155,24.24150695,12.73251562,4.036969881,10.67822325
2021/8/11 0:00,372.7321236,48.90773861,23.90195573,13.14760238,4.406910461,11.48417259
2021/8/12 0:00,391.944453,50.60016993,23.5844651,13.7385264,4.453843805,11.53888923
2021/8/13 0:00,385.1111435,49.14277049,22.90728679,13.07765991,4.403236174,11.16132491
2021/8/14 0:00,410.2112314,50.63639271,23.30353422,13.9136149,4.792424036,11.83020249
2021/8/15 0:00,409.3239523,50.21267846,22.54931449,13.41404041,4.687848481,11.63062518
2021/8/16 0:00,413.3529411,51.50452161,22.50986155,13.44317893,4.663148494,11.61392342
2021/8/17 0:00,416.9093485,46.95577823,22.15616684,14.85162671,4.650771014,11.29631173
2021/8/18 0:00,401.4108438,44.53311284,20.71323454,14.30676116,4.374516119,10.58141751
2021/8/19 0:00,401.1185992,47.25225587,20.71259789,14.01259216,4.384640494,10.72491919
2021/8/20 0:00,430.2628946,48.68680685,21.98503434,14.38047523,4.513755678,11.21108119
2021/8/21 0:00,453.5297611,50.26436576,22.33527585,15.01408498,4.640769552,12.27962925
2021/8/22 0:00,450.1527823,51.3963507,21.35875692,14.7494605,4.549872307,11.79973531
2021/8/23 0:00,448.5460499,50.2688336,21.30518822,14.40797703,4.568397806,12.28438242
2021/8/24 0:00,499.6471922,50.64969969,21.74599196,14.73839754,4.885229929,13.80764059
2021/8/25 0:00,472.5678994,47.54862079,20.96759377,13.93597197,4.576932574,12.83638754
2021/8/26 0:00,503.0600194,49.6150134,21.45445697,14.10410593,4.704358036,13.69383858
2021/8/27 0:00,483.594781,46.3612466,20.33018712,13.47864663,4.446653775,12.54140687
2021/8/28 0:00,494.4910268,49.43191249,20.8376111,14.38779261,4.607363943,13.35750472
2021/8/29 0:00,486.1135106,50.93595408,20.49590931,14.34891777,4.537265493,13.55800885
2021/8/30 0:00,481.1123073,47.63695622,20.29290403,14.38932326,4.421999514,13.43162402
2021/8/31 0:00,461.0741328,46.42393471,20.25415844,14.22667499,4.358696,13.32964846
2021/9/1 0:00,466.3250682,48.64186208,20.46578814,14.89378794,4.411045978,13.28997661
2021/9/2 0:00,490.1903097,64.19490278,22.73271835,15.66760045,4.693486762,14.34500147
2021/9/3 0:00,484.9230378,60.39007445,21.80294603,15.31737124,4.609613909,13.90740192
2021/9/4 0:00,487.5028155,63.16759436,22.29722199,15.31043294,4.641571286,14.16391266
2021/9/5 0:00,499.2322083,61.02815651,22.6455751,15.37268054,4.635872582,13.77418633
2021/9/6 0:00,502.6478993,63.43215016,22.9474138,16.25448122,4.788325195,14.02277469
2021/9/7 0:00,497.3629972,73.54562565,23.27778631,17.30133156,5.885554265,14.83258685
2021/9/8 0:00,418.7199041,70.93790312,19.31143525,14.34492591,4.975876199,12.44094826
2021/9/9 0:00,414.0150847,75.4766908,18.86948695,14.48696594,4.828400708,12.0254405
2021/9/10 0:00,421.9043462,80.48634515,18.60932808,14.68538298,5.061935687,12.04660528
2021/9/11 0:00,401.6338741,72.7996513,17.96707482,13.93022008,4.886909538,11.10488287
2021/9/12 0:00,404.1454767,72.47877081,18.18884936,14.12660014,4.816038176,11.95012443
2021/9/13 0:00,417.7846667,73.92899549,18.79041514,14.67673092,4.913099563,11.71786562
2021/9/14 0:00,400.8882955,68.48385459,18.14300762,14.24859697,4.814660284,11.75073354
2021/9/15 0:00,414.2938862,67.45641027,18.69308356,14.56699588,4.952941354,12.10378593
2021/9/16 0:00,429.9269849,71.13598591,19.2555055,14.82823498,5.259953681,12.37973653
2021/9/17 0:00,424.9286346,67.49727574,18.7294855,14.48683728,5.102633481,11.96956015
2021/9/18 0:00,405.9246623,61.57216877,18.61518653,14.34401617,5.103777627,11.52411736
2021/9/19 0:00,411.4921503,63.3755879,18.86881251,14.43337512,5.384346257,11.78479734
2021/9/20 0:00,409.8656742,60.79715321,18.49441545,14.18805024,5.145965272,11.61044547
2021/9/21 0:00,363.8928188,52.94323981,16.84920223,11.79566323,4.484123874,9.763290951
2021/9/22 0:00,343.8883778,51.15319379,16.32841109,11.36715506,4.327879919,9.35856276
2021/9/23 0:00,378.3043839,55.62149832,16.94819657,12.48073845,4.819788229,10.41631729
2021/9/24 0:00,384.8505094,57.53877977,17.25908181,12.51792808,4.908963868,11.00549755
2021/9/25 0:00,355.7512176,52.86154181,13.96594408,9.613769492,4.154750207,10.76254857
2021/9/26 0:00,351.3197716,55.08261028,13.14640267,9.081123732,3.972911847,10.6803233
2021/9/27 0:00,344.5604684,55.99864566,12.63668137,6.938177261,3.630019489,10.6694628
2021/9/28 0:00,335.6370807,51.79871658,14.66499821,7.427872372,3.602014617,10.25708842
2021/9/29 0:00,332.2069636,48.0074922,15.71416361,7.447784956,3.578995627,9.767285433
2021/9/30 0:00,368.2113714,49.94749188,16.36271907,7.951808369,3.845359372,10.0406284
2021/10/1 0:00,387.5183525,51.60736704,15.88779105,8.149704353,4.042424359,10.06930201
2021/10/2 0:00,421.4675126,55.28600113,17.53522411,8.740368323,4.323805122,10.9385026
2021/10/3 0:00,429.3505314,56.18050147,18.21321812,8.360807104,4.272684324,10.85122786
2021/10/4 0:00,431.4490158,56.8314234,18.23074221,8.146508004,4.179410277,10.87351265
2021/10/5 0:00,427.5458615,56.10319726,17.94038309,8.075056998,4.094536534,10.75039866
2021/10/6 0:00,443.4354477,59.11121736,17.89852124,8.127539737,4.168852876,11.11172779
2021/10/7 0:00,435.2620061,56.79838962,17.08368457,8.330514084,4.268346657,11.41551217
2021/10/8 0:00,439.932647,55.84366718,17.5599941,7.872237904,4.221627028,11.27326147
2021/10/9 0:00,418.3173431,54.96175976,17.93888695,7.737219465,4.175459753,11.65281698
2021/10/10 0:00,422.3124996,56.17367951,17.52840999,7.748286099,4.096749569,11.84334476
2021/10/11 0:00,404.3298421,53.68378845,16.50530649,7.574020289,3.942751407,11.34335759
2021/10/12 0:00,412.9041662,54.56286335,16.28030251,7.553879279,4.002407619,11.61201401
2021/10/13 0:00,440.3673278,52.82999361,15.98934363,7.383870681,3.996768664,11.20376563
2021/10/14 0:00,469.5721483,54.11236249,16.18401726,7.500266658,4.061830848,11.70376848
2021/10/15 0:00,471.8390476,55.47359479,16.27295276,7.500263564,4.086869292,11.88159912
2021/10/16 0:00,476.0604369,57.22675375,16.76307434,7.561985535,4.331448184,12.41255784
2021/10/17 0:00,467.8139206,56.55317534,16.10350684,7.679215742,4.337699575,12.92764873
2021/10/18 0:00,470.6037423,56.41455262,16.04219909,7.498880598,4.449965892,13.27272056
2021/10/19 0:00,484.9628308,55.52748347,16.3308106,7.603906147,4.527855784,12.84476425
2021/10/20 0:00,488.5758699,57.19474543,19.52569662,7.925529614,4.666713616,14.14084232
2021/10/21 0:00,503.122639,61.50861472,26.12480215,9.469810825,5.168305969,15.05658817
2021/10/22 0:00,472.6932064,61.8385016,24.1388917,9.166503713,5.371565015,14.214533
2021/10/23 0:00,481.152529,63.12426835,28.82543334,10.69278105,5.41729218,14.76506049
2021/10/24 0:00,484.8358532,63.51432192,27.56023914,10.07998494,5.267322213,15.69270784
2021/10/25 0:00,477.9704016,61.97369749,26.03697785,10.20212482,5.277202917,15.82693995
2021/10/26 0:00,487.1521154,65.67029208,26.31559511,10.03133232,5.541075405,17.9983841
2021/10/27 0:00,478.44459,62.92622226,24.21022061,9.912501437,5.532792421,16.62869847
2021/10/28 0:00,450.8560941,58.1223912,21.85156599,9.043067717,5.494036527,15.28027603
2021/10/29 0:00,491.7140407,60.20217548,22.07969703,9.562518223,6.074175102,17.23252414
2021/10/30 0:00,529.2882472,61.26420706,21.70938526,9.459400902,6.37609035,18.66675379
2021/10/31 0:00,526.9439228,59.49988802,21.07828002,9.114281733,5.978193684,17.63485479
2021/11/1 0:00,524.7049325,59.43667262,21.21520906,9.887541556,6.296946509,18.11645267
2021/11/2 0:00,551.2885679,59.17463629,22.74835422,10.40848138,6.291423414,18.2819809
2021/11/3 0:00,555.3427587,61.24432387,22.33557817,11.2324355,6.262691558,19.03661373
2021/11/4 0:00,569.4164593,62.51049936,22.7034509,11.54450836,6.285322601,19.43363374
2021/11/5 0:00,561.0755439,59.68301216,22.16141324,10.50115708,6.348675619,18.52379087
2021/11/6 0:00,607.3883113,59.07710187,24.69700912,10.41393112,6.486762892,18.89490247
2021/11/7 0:00,636.0540957,61.40721633,25.91654384,10.37222575,6.552228646,18.71762535
2021/11/8 0:00,650.4955187,63.845812,28.15059785,10.72275056,7.44111819,19.92769405
2021/11/9 0:00,654.5480094,65.32987793,31.16311042,10.68034687,7.292784168,24.25611428
2021/11/10 0:00,636.9276179,62.48741609,30.35483097,10.68178473,7.377417528,22.98693571
2021/11/11 0:00,611.442281,59.01655395,28.2390733,10.14347897,7.515269273,22.38750716
2021/11/12 0:00,629.7114198,59.40700992,28.6182431,10.06591968,7.989498852,23.30110439
2021/11/13 0:00,629.0951052,58.03745033,26.85099936,9.818772853,7.703777827,22.45041779
2021/11/14 0:00,652.2337818,55.99116288,27.31402513,9.953393043,7.242660658,23.75638923
2021/11/15 0:00,654.6251958,56.11394417,27.48432584,10.01379446,7.147073786,24.87898424
2021/11/16 0:00,635.7060102,55.19958988,26.53777621,10.39867975,6.644923771,26.47537549
2021/11/17 0:00,591.3491128,50.5023503,25.17744085,10.71704482,6.308432215,22.65093414
2021/11/18 0:00,580.0133147,51.74730509,25.90549752,10.57659649,6.42798647,24.64705985
2021/11/19 0:00,530.957013,50.23424434,24.07219289,9.915923969,5.898653702,21.5541687
2021/11/20 0:00,584.2926021,52.7081137,24.75322733,9.948355749,6.490354112,23.55160779
2021/11/21 0:00,605.528617,53.55448681,25.56689313,9.846166559,6.541605497,25.44998241
2021/11/22 0:00,590.2541189,52.06109583,24.67471404,10.21627314,6.237133119,24.60541711
2021/11/23 0:00,559.9888492,49.46961698,23.54594327,9.801623512,6.19488041,22.54130713
2021/11/24 0:00,593.4866917,50.65382425,24.48279545,9.966670601,6.299496069,23.90051223
2021/11/25 0:00,591.4138284,50.01982835,23.47251738,9.629056031,6.168538456,23.36563779
2021/11/26 0:00,638.1682734,52.83713369,27.2053945,9.810979006,6.837419632,27.26279274
2021/11/27 0:00,585.565593,47.61323128,23.85225906,9.371037956,6.193668873,23.08617489
2021/11/28 0:00,598.0658827,47.91283764,23.38540675,9.747932614,6.328848688,23.30897948
2021/11/29 0:00,611.4482336,50.66268085,23.55094729,9.893407164,6.530306927,23.6900064
2021/11/30 0:00,623.8191584,51.7471562,24.26664586,9.974185788,6.953579941,25.31252809
2021/12/1 0:00,624.0478871,50.71862204,24.20266069,9.735526103,6.87973395,26.60394357
2021/12/2 0:00,627.5298135,50.85057271,25.22569364,9.593845826,7.124232047,27.43772727
2021/12/3 0:00,620.5070871,49.38720318,27.54351735,9.661836901,7.005763332,25.58541446
2021/12/4 0:00,596.4043663,47.26574899,26.3668134,9.415853608,6.702700555,24.39572151
2021/12/5 0:00,567.2495179,43.87640304,24.72414073,8.787285262,6.518357797,22.71081952
2021/12/6 0:00,555.8212704,43.85286176,24.19450949,8.73313816,6.22440761,22.16185608
2021/12/7 0:00,588.4348264,43.94029854,26.04946174,8.887076701,6.218777873,22.03556788
2021/12/8 0:00,578.5399946,42.88677269,27.38081623,8.678086281,6.149485265,21.77918937
2021/12/9 0:00,604.991567,43.98440914,27.30792064,9.906088851,6.193296972,22.41141477
2021/12/10 0:00,574.6418062,40.35626254,25.65455127,9.963626782,5.86618707,20.93130323
2021/12/11 0:00,553.6133877,38.80594208,23.50712285,9.886744339,5.919262284,19.80460294
2021/12/12 0:00,564.2782555,40.3278941,26.44085428,10.02093634,5.919055662,20.75200281
2021/12/13 0:00,569.0004263,41.28982475,27.05886087,9.996624163,6.025883933,21.00944471
2021/12/14 0:00,522.8376227,37.60257125,28.01410374,9.067433115,5.65891001,19.18550635
2021/12/15 0:00,527.2875946,38.86007932,29.31571194,9.776682001,5.840712819,20.83952545
2021/12/16 0:00,539.3565809,39.37510343,31.71315703,10.00509154,5.908253624,21.99924792
2021/12/17 0:00,526.9418353,38.430391,31.08709724,9.874362303,5.772861061,21.52843434
2021/12/18 0:00,526.4854789,37.60580612,31.35738365,9.979222326,5.690710484,21.365419
2021/12/19 0:00,536.1871682,39.97559211,31.11866357,10.02140125,5.788762082,21.38902726
2021/12/20 0:00,530.1187422,39.81908152,32.44838951,10.11286234,5.772709634,21.19393253
2021/12/21 0:00,526.5978525,40.59865105,32.26859389,10.03572816,5.840220556,21.13116975
2021/12/22 0:00,530.0064075,42.10150047,32.39235334,10.01559478,6.042786878,21.89869308
2021/12/23 0:00,534.6981367,41.47091134,32.27042601,9.983407867,6.137681196,21.49473375
2021/12/24 0:00,549.8265817,43.14364223,31.48749564,10.02936826,6.261145885,23.34414248
2021/12/25 0:00,542.6983593,42.6907882,30.13440162,9.411734116,6.290406188,22.84918755
2021/12/26 0:00,548.7449451,42.97160292,29.89989967,9.978946993,6.389323496,22.96624428
2021/12/27 0:00,547.4764999,42.67095336,31.01004103,9.938683175,6.713171519,22.90026069
2021/12/28 0:00,564.677803,42.65073656,30.64797769,9.929561511,6.855823084,23.09184176
2021/12/29 0:00,536.1753307,40.15352986,30.05830805,9.732882845,6.463587649,21.58416616
2021/12/30 0:00,514.1864863,38.513276,28.65246028,9.699157755,6.308420687,20.61021882
2021/12/31 0:00,518.3716411,38.91209512,28.75783091,9.49010514,6.767301463,21.07081665
2022/1/1 0:00,511.804767,38.3042481,28.81681637,9.368373488,6.551812808,21.45279574
2022/1/2 0:00,528.8656538,40.32334024,29.38760745,9.4473076,6.744471069,22.46057253
2022/1/3 0:00,531.6458401,40.17179928,29.29812966,9.407717326,6.653363293,22.64403692
2022/1/4 0:00,513.2364309,40.22988277,28.78911657,9.387536962,6.432835668,22.35153697
2022/1/5 0:00,508.8018048,41.50614278,27.89568506,9.389821844,6.457151581,22.06698199
2022/1/6 0:00,476.579002,38.30717498,26.50429187,9.135364401,6.256049518,21.36519727
2022/1/7 0:00,474.785145,38.67216464,26.44168705,8.848552441,6.272364775,20.97194424
2022/1/8 0:00,448.5788396,35.58964806,25.20163756,8.966181425,6.167860829,19.22555623
2022/1/9 0:00,430.9294223,35.20330329,24.5271895,9.003512188,6.140031313,18.98746478
2022/1/10 0:00,439.1566258,37.21630627,24.13185893,9.003895748,6.281215199,19.35601783
2022/1/11 0:00,425.3108798,38.10239824,23.86258968,9.03873434,6.144963103,19.05060498
2022/1/12 0:00,463.4275547,39.77261449,24.88065318,9.409053644,6.399312674,19.37882838
2022/1/13 0:00,486.9063849,41.46432617,26.17567383,9.506374055,6.867177667,20.37769474
2022/1/14 0:00,476.5975674,40.91809254,25.49876278,9.495945988,6.766538284,19.583635
2022/1/15 0:00,490.058745,44.62964587,25.76950686,9.862058236,6.80364837,20.09614976
2022/1/16 0:00,495.2248672,46.10356224,26.05621767,10.04654053,7.095400036,20.42172549
2022/1/17 0:00,498.5998607,46.48424154,27.49430716,10.02182928,7.059636705,21.13485214
2022/1/18 0:00,476.3945519,44.46690105,26.39125403,9.823262044,7.012734933,20.87360367
2022/1/19 0:00,471.758451,44.97856062,25.44933307,9.862475778,7.034688519,20.37625341
2022/1/20 0:00,464.3892963,46.68478741,25.17849787,9.951743024,7.098185985,20.01582728
2022/1/21 0:00,441.5417572,45.14874684,24.76684223,9.746197938,7.029746667,19.50713481
2022/1/22 0:00,383.8640493,38.34800838,21.3135593,9.148425466,6.24062976,16.80205448
2022/1/23 0:00,359.0134419,33.59324063,20.25425817,8.688493006,5.667212582,15.11252618
2022/1/24 0:00,383.3773709,36.03465566,21.16086631,9.227744302,6.11984903,15.91448414
2022/1/25 0:00,372.5032006,35.72665739,20.88771856,8.835559254,6.27201817,15.63147704
2022/1/26 0:00,385.1048428,36.59762127,22.68674508,8.748338775,6.258392332,16.03681271
2022/1/27 0:00,376.4547135,36.60146767,21.87143967,8.69342409,6.361734438,16.28238757
2022/1/28 0:00,391.3431656,38.34416114,21.15935017,8.826176139,6.533301948,16.12979022
2022/1/29 0:00,386.6374671,40.08553473,21.14783898,8.812815397,6.588730548,16.86544166
2022/1/30 0:00,390.1593566,41.68600119,20.89820412,8.808625464,6.78503582,17.59371329
2022/1/31 0:00,378.3370194,41.13434622,21.10116988,9.022676521,6.805983868,17.47441572
2022/2/1 0:00,376.5104778,43.70173259,21.6345522,8.988897533,6.875954062,18.10553623
2022/2/2 0:00,386.42137,45.27641492,22.02909756,9.22032748,6.943836044,18.53170055
2022/2/3 0:00,367.7806089,42.95805068,20.93208737,9.329854977,6.774813825,17.80694858
2022/2/4 0:00,370.6759162,42.41356012,20.8082608,9.174290848,6.685905206,17.89129326
2022/2/5 0:00,400.0536929,46.13860364,22.10762976,9.642018663,7.036574216,19.49497578
2022/2/6 0:00,414.6421499,46.24040134,22.23119213,9.819951188,7.022570707,19.72816486
2022/2/7 0:00,419.7392672,46.66479981,22.22329398,10.02650536,7.156183934,20.05872573
2022/2/8 0:00,433.9564199,47.28517902,23.07166527,10.10578023,7.302294366,20.46188013
2022/2/9 0:00,409.4113755,46.5165678,23.64943431,10.0492499,6.815462491,20.31460471
2022/2/10 0:00,422.3103581,47.91532332,23.49244496,10.01644714,7.030385462,20.69136687
2022/2/11 0:00,415.517096,44.84633529,22.38635107,10.01045799,6.926216294,20.53428019
2022/2/12 0:00,400.9747011,43.43034978,21.4401853,9.925007211,6.733035586,19.09016912
2022/2/13 0:00,403.3957776,44.19343793,20.99161709,9.944075172,6.756663404,19.12760069
2022/2/14 0:00,399.2936297,44.56748996,20.76603421,9.940697944,6.782112429,19.19989269
2022/2/15 0:00,403.5772092,44.91287827,20.70901137,9.895109954,6.658174597,19.62802153
2022/2/16 0:00,433.4728145,47.18441294,21.70213111,9.960437839,6.917203408,20.53262276
2022/2/17 0:00,428.8180876,46.49766337,21.42609541,9.94604274,6.896404206,20.89586976
2022/2/18 0:00,402.6685525,43.68860418,20.35564984,9.9266512,6.589008006,19.73148054
2022/2/19 0:00,399.9639648,43.15692317,19.8592953,9.647509516,6.632766797,19.58152291
2022/2/20 0:00,400.6940738,42.83906684,19.73065681,9.755647748,6.646226025,19.87862548
2022/2/21 0:00,381.575363,41.07248568,18.94482516,9.60514572,6.273670195,19.06465895
2022/2/22 0:00,356.9563767,39.91280252,18.12334531,9.559678305,6.079915385,18.06654789
2022/2/23 0:00,374.4295685,41.56481042,17.85215369,9.229765916,6.177553597,18.9726809
2022/2/24 0:00,367.5251688,40.93809437,16.97062807,9.209975968,6.151613491,18.82198283
2022/2/25 0:00,361.3380735,41.32550746,16.8597578,8.589174688,6.221145434,18.18763433
2022/2/26 0:00,375.0360814,43.16336338,17.63177656,9.101441334,6.328461811,19.55248357
2022/2/27 0:00,373.7079661,43.32749412,17.72509726,9.099673375,6.406369229,19.74584075
2022/2/28 0:00,361.294866,41.63944926,16.86274566,9.077401508,6.345564826,19.02117271
2022/3/1 0:00,395.8121028,45.96085841,18.14202425,9.425725864,6.696802947,20.68726933
2022/3/2 0:00,409.3528497,46.29590192,18.23106083,9.531238391,6.736537646,20.7961875
2022/3/3 0:00,409.2816692,46.23971585,18.29162245,9.511274934,6.81200684,20.37814663
2022/3/4 0:00,402.9775841,44.90821933,19.17302397,9.529120208,6.806004148,19.53482286
2022/3/5 0:00,375.0267575,40.47287869,18.10683762,9.194854138,6.720911616,18.25260569
2022/3/6 0:00,385.4405554,41.20875949,18.20190718,9.279104003,6.807334028,18.61286725
2022/3/7 0:00,375.2821061,39.81792784,17.98960497,9.116499219,6.801165916,18.12281219
2022/3/8 0:00,381.5198575,39.78272504,17.69569674,9.112290956,6.765587854,17.78204548
2022/3/9 0:00,381.7436226,40.55051623,17.76698212,9.203591302,6.554230972,18.05237185
2022/3/10 0:00,393.611787,42.83321927,18.59051268,9.120121249,6.649806314,18.80102751
2022/3/11 0:00,371.9682546,40.79299179,17.872812,9.190146439,6.334186453,18.07719093
2022/3/12 0:00,372.365436,40.84636789,17.77626663,8.911787052,6.327353416,18.19588577
2022/3/13 0:00,372.8611428,41.03132829,17.67590672,8.902746728,6.47550133,18.02561119
2022/3/14 0:00,362.3421368,39.95593436,17.42920168,8.904946667,6.243917967,17.7146965
2022/3/15 0:00,372.9835915,41.44524401,18.67917506,8.993540705,6.343621885,18.09214677
2022/3/16 0:00,371.5510665,41.06258825,18.22216387,8.898902202,6.307275753,18.09236222
2022/3/17 0:00,385.6519464,42.74882035,19.04817066,8.9381175,6.537627528,18.31199962
2022/3/18 0:00,392.3762081,43.14877389,20.11409303,9.113199458,6.319833515,18.19401533
2022/3/19 0:00,397.6323147,44.62924941,20.26174085,9.125763821,6.358909331,18.26707721
2022/3/20 0:00,399.6038626,44.89564973,20.43335596,9.142877127,6.323291726,18.61360124
2022/3/21 0:00,390.7339362,44.01064231,19.40139242,9.137147604,6.463926226,18.1811912
2022/3/22 0:00,396.4847042,44.76585566,19.20603248,9.133820683,6.375162165,18.1220852
2022/3/23 0:00,403.9744203,45.28900176,19.63592713,9.114695094,6.433196974,18.25633714
2022/3/24 0:00,407.7264488,46.13613612,20.1215476,9.099525469,6.48624702,18.49948109
2022/3/25 0:00,413.5199384,49.34231665,21.3435372,8.98640785,6.507272107,18.8202623
2022/3/26 0:00,410.9706084,49.75905779,21.63448964,8.873607792,6.521091613,18.67920841
2022/3/27 0:00,415.640861,49.89133997,22.01609154,9.050856506,6.48850301,18.76180307
2022/3/28 0:00,429.7920416,51.89997917,22.88047812,9.074906434,6.569755242,19.19724271
2022/3/29 0:00,429.8840894,51.68426048,21.9995056,9.184461964,6.762601579,19.49578492
2022/3/30 0:00,434.2691326,51.07774327,21.58485672,9.407052336,6.747101445,21.71360905
2022/3/31 0:00,442.792745,51.18841398,21.40056057,9.322991983,6.761829708,21.37775968
2022/4/1 0:00,428.763372,48.89759769,20.94723693,9.385315938,6.675215524,20.47477013
2022/4/2 0:00,446.5172088,50.48604665,21.28886653,9.478301454,6.858433034,20.89124402
2022/4/3 0:00,436.6346093,49.76161818,20.72060936,9.700894614,6.856507239,20.79250976
2022/4/4 0:00,449.0517773,50.40043972,21.28298727,9.799435434,6.990065414,21.32484175
2022/4/5 0:00,447.4021754,50.14467543,20.8611023,9.79539154,6.978375436,21.42392742
2022/4/6 0:00,446.6928277,48.6434685,20.20859978,9.702870631,6.999466264,21.08892932
2022/4/7 0:00,420.5214175,45.06103625,19.0061681,9.054663264,6.611997826,19.69341313
2022/4/8 0:00,437.0924224,45.70431799,20.4691678,9.383277968,6.79487289,20.09760299
2022/4/9 0:00,421.4686524,44.7286377,19.27091175,9.309470868,6.630932116,19.41808846
2022/4/10 0:00,426.9215532,45.68385442,19.69735535,9.483653675,6.631509949,20.19991524
2022/4/11 0:00,419.8228519,45.04528881,19.40046096,9.512623408,6.68830098,20.17062801
2022/4/12 0:00,394.0547031,41.40309253,18.27131678,9.2891167,6.313417471,18.99662937
2022/4/13 0:00,414.5915062,41.90393109,18.94785917,9.31633874,6.398111988,19.18845318
2022/4/14 0:00,423.5428768,42.93714711,19.69708099,9.407623246,6.579149736,19.77941005
2022/4/15 0:00,415.2804962,41.76671958,19.78698098,9.46503839,6.598624526,19.6001711
2022/4/16 0:00,417.5653551,42.61267644,20.41334168,9.483223169,6.571196969,20.02053255
2022/4/17 0:00,417.7292561,41.88284574,20.75984058,9.40256539,6.529976555,20.33639296
2022/4/18 0:00,407.5266023,44.80739989,19.97861076,9.339085584,6.411667899,19.90228663
2022/4/19 0:00,416.9236775,43.42879698,19.87537459,9.398336679,6.583169248,20.29376408
2022/4/20 0:00,422.1816859,43.52561686,20.10405613,9.451292241,6.532843957,20.93161825
2022/4/21 0:00,418.2972967,42.78156549,19.4550296,9.455451055,6.530817439,20.92295232
2022/4/22 0:00,405.0075264,42.17141458,19.07705265,9.398834807,6.47333682,20.60478974
2022/4/23 0:00,407.2982877,41.43790563,19.68070352,9.451682596,6.477946762,20.23898768
2022/4/24 0:00,401.8406948,41.13725446,19.78924778,9.424132942,6.426291545,20.0306933
2022/4/25 0:00,399.0690747,40.78601008,20.69576746,9.436578271,6.426739643,19.56578442
2022/4/26 0:00,404.606784,41.89390202,20.27007503,9.46938647,6.310607762,19.75834286
2022/4/27 0:00,385.0276125,38.67783764,19.415242,9.088729451,6.139577336,18.80612834
2022/4/28 0:00,391.2855429,39.6077093,19.69122963,9.346196414,6.135403005,19.02496461
2022/4/29 0:00,406.3266879,40.17879033,19.1180984,9.43731064,6.189198459,19.43380374
2022/4/30 0:00,392.9643749,38.79446472,18.59348943,9.390276076,6.436525058,18.8183723
2022/5/1 0:00,378.7346845,38.05961448,17.80637951,9.263018786,6.330778397,17.30511274
2022/5/2 0:00,390.8651456,39.15941769,18.23321121,9.445762978,6.239096605,17.8785943
2022/5/3 0:00,389.8047599,39.24477071,18.8651505,9.471400538,6.245859773,18.02729727
2022/5/4 0:00,383.7098537,37.78705816,18.29662834,9.422736642,6.310560941,17.84063655
2022/5/5 0:00,402.6195205,39.54204568,19.06272032,9.561808881,6.520068601,18.39383017
2022/5/6 0:00,379.2123644,36.27927858,18.11816721,9.296949323,6.333866754,17.30378716
2022/5/7 0:00,379.8168113,35.93229182,17.58011142,9.016450966,6.361971312,16.97867618
2022/5/8 0:00,366.2562216,35.137056,17.2425035,8.924988581,6.318072029,16.75320126
2022/5/9 0:00,355.6655819,33.85570145,15.91784482,8.737844585,6.146162447,15.89785834
2022/5/10 0:00,301.2837558,30.49252961,13.84856874,7.984290911,5.680420247,13.7191173
2022/5/11 0:00,318.9583938,33.04666389,14.6297123,8.250330656,5.834003,13.93193824
2022/5/12 0:00,269.0066966,29.63491583,11.08798751,7.354936098,4.970349133,11.27801
2022/5/13 0:00,269.7728009,29.69728217,12.01450324,7.071195311,5.359003601,10.97005299
2022/5/14 0:00,291.055384,30.71983573,12.37749892,6.916054773,5.554228669,12.53900282
2022/5/15 0:00,298.3592182,31.62824665,12.69865148,7.0677969,5.557123618,12.97942897
2022/5/16 0:00,311.9756267,32.6486693,12.98409625,7.217903678,5.569174695,14.49207871
2022/5/17 0:00,298.1658192,31.81455436,12.34626014,6.994750674,5.443213429,13.82786843
2022/5/18 0:00,306.5358434,32.07027281,12.90496369,7.051629835,5.756097727,14.93599128
2022/5/19 0:00,288.2491784,29.68774183,12.08711668,6.909818275,5.506928979,14.36829995
2022/5/20 0:00,307.6304936,30.93581132,12.49193529,7.019421282,5.602135496,15.26227732
2022/5/21 0:00,302.9084336,29.78005092,12.10024993,7.01558978,5.659342991,15.45144877
2022/5/22 0:00,312.8154289,30.1242263,12.25182521,7.079554415,5.768560422,15.94309086
2022/5/23 0:00,319.849439,30.81781449,12.53482776,7.019472135,5.746011426,16.95017544
2022/5/24 0:00,317.7471875,29.68680961,12.58568883,6.896938644,5.682964672,16.32252629
2022/5/25 0:00,328.2995872,29.80894586,12.77125581,7.024214021,5.638742555,16.05112901
2022/5/26 0:00,326.1822222,29.00974179,12.66106331,7.019160444,5.593273491,16.13382117
2022/5/27 0:00,307.8241927,27.62260705,12.09870817,6.991728755,5.477869521,15.57653893
2022/5/28 0:00,301.267051,26.34920851,11.23888995,7.004609045,5.23522407,15.13661853
2022/5/29 0:00,309.0366097,27.13176583,11.53220925,7.015099261,5.33761242,15.31876401
2022/5/30 0:00,306.1490274,27.27617113,11.69556095,7.042202945,5.421195892,16.48143253
2022/5/31 0:00,322.1886142,29.16186857,12.44209136,7.193602593,5.699183147,17.03473342
2022/6/1 0:00,321.6774475,28.95624849,12.24250346,7.157072649,5.659097192,17.94496945
2022/6/2 0:00,300.8807913,26.88971926,11.52134267,7.066085082,5.420334533,16.68176859
2022/6/3 0:00,308.0890667,27.14183436,11.71869251,7.070500191,5.450349372,17.53902684
2022/6/4 0:00,298.447625,25.96410323,11.3728186,7.044817916,5.367262132,17.05919257
2022/6/5 0:00,301.84492,25.95533857,11.50778522,7.131228746,5.402373073,16.81904612
2022/6/6 0:00,298.8156435,26.11478269,11.52409204,7.489486953,5.401774331,16.32413289
2022/6/7 0:00,295.5895466,27.3623828,11.6473793,7.43023577,5.484589627,16.5559278
2022/6/8 0:00,290.9253456,27.08911847,11.38591534,7.297260237,5.484779096,16.22680685
2022/6/9 0:00,288.9760035,28.15074172,11.39107408,7.145916801,5.524609047,15.9715572
2022/6/10 0:00,289.8022594,28.52262047,11.30021839,6.911307888,5.497169911,15.96775532
2022/6/11 0:00,286.0812306,27.58028663,11.01013886,6.990982389,5.383153636,15.52553219
2022/6/12 0:00,269.8646191,27.38402616,11.53556426,6.990330371,5.28615659,14.99366875
2022/6/13 0:00,256.0828078,28.0456187,11.24501414,6.762662394,4.870789201,14.14142749
2022/6/14 0:00,222.6377519,24.43809501,10.92316312,5.814628072,4.25160681,11.72145742
2022/6/15 0:00,223.4542589,24.08404937,11.24130077,5.587706068,4.450614338,11.93546519
2022/6/16 0:00,232.6966634,25.39498968,11.65907131,5.707937257,4.395741687,11.80222018
2022/6/17 0:00,209.8337201,23.26807026,11.0873988,5.252656688,3.955991506,11.09058568
2022/6/18 0:00,216.1530667,24.37693613,11.19430386,5.279714179,3.960387711,11.11694171
2022/6/19 0:00,197.3765063,22.87647546,10.23925768,4.925218769,3.608088864,9.574392438
2022/6/20 0:00,214.7703823,24.99826999,10.63011731,5.126940434,3.953704478,10.62270719
2022/6/21 0:00,217.1929462,26.80946611,11.11081227,5.281829052,4.063208869,10.37247046
2022/6/22 0:00,219.4802405,27.32419569,11.11882596,5.304284445,4.210121205,10.84733353
2022/6/23 0:00,214.5688252,25.15554571,11.21490236,5.09769229,4.080600887,10.45756012
2022/6/24 0:00,229.0840735,26.32906044,11.52759899,5.448250677,4.241953792,10.65070517
2022/6/25 0:00,240.9464091,26.84169761,12.63184302,5.561908019,4.295405858,10.97331281
2022/6/26 0:00,239.9174567,27.928806,13.43111252,5.529534598,4.338654765,10.9287566
2022/6/27 0:00,234.5321973,27.1977436,12.49302922,5.287491834,4.300834651,10.73129402
2022/6/28 0:00,233.8412819,27.17416114,12.31586323,5.304998957,4.282213919,10.59469205
2022/6/29 0:00,227.0175546,25.59595498,11.69647188,5.186647261,4.169402769,10.19120165
2022/6/30 0:00,219.3683715,24.8315011,12.23962882,5.007635576,4.108448135,9.959450323
2022/7/1 0:00,217.015865,24.47371347,12.10877389,4.77605873,4.045328258,9.751570487
2022/7/2 0:00,217.7332922,24.7435897,12.16258172,4.345597217,4.050892706,8.829339113
2022/7/3 0:00,218.2581931,24.63434014,12.06889119,4.37546009,4.099492319,8.661687462
2022/7/4 0:00,219.3541489,24.39107137,12.33744453,4.364304444,4.111602993,8.308385679
2022/7/5 0:00,231.6506243,25.92857475,12.76410969,4.647133683,4.076577337,9.021239272
2022/7/6 0:00,230.7494098,25.18735439,12.45734441,4.49678713,4.049382906,8.807497108
2022/7/7 0:00,238.8207834,26.28428395,12.7160627,4.587494955,4.010903812,8.966308281
2022/7/8 0:00,241.7821611,27.48861513,12.97286133,4.710686348,4.035061285,8.926028337
2022/7/9 0:00,242.5556996,27.6619821,13.09073165,4.587842194,3.948756108,9.235974963
2022/7/10 0:00,243.0590563,27.13813753,12.92102977,4.39775259,3.942020521,9.642202598
2022/7/11 0:00,234.7840367,25.88126936,12.61006834,4.387767693,3.917672701,9.275815935
2022/7/12 0:00,225.9607206,25.01468046,12.153704,4.319280866,3.893841641,8.867511122
2022/7/13 0:00,221.5215446,23.89798416,11.80163068,4.368686576,3.794257076,8.674673339
2022/7/14 0:00,230.4424966,24.94426057,12.6400256,4.474580289,3.950848996,8.920413403
2022/7/15 0:00,238.3696852,25.86341365,12.67512164,4.523957421,4.005012807,9.101089242
2022/7/16 0:00,238.4973063,26.79784961,12.62718688,4.550938372,3.992155049,9.171849082
2022/7/17 0:00,249.3956499,27.98771954,12.91607431,4.687573562,4.106543457,9.290344188
2022/7/18 0:00,248.1916291,27.68109785,13.2046374,4.686776141,4.096313166,9.083541252
2022/7/19 0:00,264.1063234,29.87306681,14.83824213,4.831673683,4.259040112,9.799765583
2022/7/20 0:00,268.3872424,29.09965707,15.1095845,4.814970923,4.222574668,10.23510382
2022/7/21 0:00,258.9692212,28.77735315,14.32181436,4.7311578,4.155227849,10.26141288
2022/7/22 0:00,265.2737509,29.4877504,14.85365878,4.814210767,4.121476352,10.15753381
2022/7/23 0:00,262.6386869,28.92580516,14.95501658,4.807186174,4.104859006,10.14807964
2022/7/24 0:00,259.463393,28.57877318,15.19376637,4.854308409,4.119580518,9.857449029
2022/7/25 0:00,262.1252056,29.11418464,15.0903152,4.72853709,4.161625547,9.861055443
2022/7/26 0:00,247.1040972,27.02787656,14.56622138,4.363226259,3.972738186,9.476706552
2022/7/27 0:00,248.851235,27.01059382,15.44975176,4.336648486,4.013255124,9.64917726
2022/7/28 0:00,270.3052441,29.41392818,15.92269106,4.4345718,4.176951436,10.20750948
2022/7/29 0:00,276.4679545,30.21891829,16.850302,4.492777883,4.295695745,10.34211415
2022/7/30 0:00,294.5466216,31.20731421,18.3307663,4.475016293,4.395347469,10.24108665
2022/7/31 0:00,287.3621646,30.98093478,18.24689925,4.523901601,4.446093697,10.17701548
2022/8/1 0:00,283.9154074,30.44518361,18.27286828,4.516213496,4.461121577,10.06825219
2022/8/2 0:00,284.0950607,30.85831871,18.06107014,4.523985779,4.426029758,9.984925371
2022/8/3 0:00,284.8583204,29.47718555,18.19412482,4.395294294,4.359691474,9.97673301
2022/8/4 0:00,298.4918569,29.11755077,18.0665395,4.380818796,4.509377705,10.037835
2022/8/5 0:00,310.8835795,29.19619321,17.91610982,4.359080195,4.557424547,10.0545627
2022/8/6 0:00,314.7557202,30.72906355,18.23656925,4.425166014,4.733437029,10.40145715
2022/8/7 0:00,315.5149407,30.40867695,18.36396197,4.362073333,4.781384408,10.50514352
2022/8/8 0:00,323.2333945,30.66478055,18.23516079,4.379481538,4.750966608,10.59771274
2022/8/9 0:00,324.931021,31.51190022,18.47588466,4.414025787,4.894416796,10.76140612
2022/8/10 0:00,325.5218216,29.89377079,18.22855661,4.346612072,4.777219526,10.55338325
2022/8/11 0:00,327.7685107,31.3455046,19.00299988,4.410561659,4.932892331,10.77469942
2022/8/12 0:00,323.6498507,30.51332935,18.6675369,4.361546006,4.931410692,10.51538388
2022/8/13 0:00,327.337926,31.22580034,21.0119236,5.15241843,5.046413524,10.64271316
2022/8/14 0:00,323.888724,31.33427712,21.86030015,5.296816669,5.106384937,10.6922332
2022/8/15 0:00,317.7019877,30.8640769,21.58306212,5.386167138,5.050177679,10.63820056
2022/8/16 0:00,319.9748355,30.94754656,21.67324806,5.274379985,4.991003144,10.5449554
2022/8/17 0:00,316.6984004,30.74431003,21.04954158,5.127211756,4.899652709,10.40375688
2022/8/18 0:00,306.6392869,30.09469405,20.72779761,4.877158151,4.853899529,10.26234457
2022/8/19 0:00,298.6006995,29.95076841,20.615206,4.599565013,4.850185884,10.12425682
2022/8/20 0:00,279.9778138,26.49953769,18.18391228,4.358061937,4.390635844,9.396191863
2022/8/21 0:00,283.6561552,26.73486692,17.25604171,4.421495624,4.429719838,9.378778898
2022/8/22 0:00,303.015148,27.79069899,17.87329886,4.437495196,4.583137402,9.63194304
2022/8/23 0:00,301.1561362,27.69701121,17.60194738,4.420450285,4.547563677,9.568527476
2022/8/24 0:00,299.4633768,27.8252324,17.54554367,4.638071023,4.526616998,9.719673251
2022/8/25 0:00,296.4196124,27.55621169,17.43440483,4.702870321,4.493782697,9.641396217
2022/8/26 0:00,301.8177864,27.97983137,17.76010005,4.788287606,4.57118923,9.772768245
2022/8/27 0:00,279.4064242,25.96602719,16.11511808,5.012075915,4.381231832,9.236686868
2022/8/28 0:00,277.8541893,25.86027072,16.1322538,4.998340202,4.376520597,9.150368241
2022/8/29 0:00,277.7793668,25.3504415,15.53829457,4.796760045,4.335350504,8.859891616
2022/8/30 0:00,286.4073847,27.36462355,16.3478306,4.861852369,4.408041957,9.106370184
2022/8/31 0:00,281.2938188,26.51787263,15.24306248,4.719563699,4.252063783,8.979919457
,,,,,,
,,,,,,
,,,,,,
,,,,,,
,,,,,,
